-- phpMyAdmin SQL Dump
-- version 4.7.9
-- https://www.phpmyadmin.net/
--
-- Host: localhost
-- Generation Time: Jun 03, 2018 at 04:46 PM
-- Server version: 10.1.33-MariaDB
-- PHP Version: 5.6.36

SET SQL_MODE = "NO_AUTO_VALUE_ON_ZERO";
SET AUTOCOMMIT = 0;
START TRANSACTION;
SET time_zone = "+00:00";


/*!40101 SET @OLD_CHARACTER_SET_CLIENT=@@CHARACTER_SET_CLIENT */;
/*!40101 SET @OLD_CHARACTER_SET_RESULTS=@@CHARACTER_SET_RESULTS */;
/*!40101 SET @OLD_COLLATION_CONNECTION=@@COLLATION_CONNECTION */;
/*!40101 SET NAMES utf8mb4 */;

--
-- Database: `nuvirali_kampusgo_tryout`
--

-- --------------------------------------------------------

--
-- Table structure for table `admin`
--

CREATE TABLE `admin` (
  `id_admin` int(11) NOT NULL,
  `password` varchar(200) NOT NULL,
  `tipe` enum('ADMIN','SOAL') NOT NULL
) ENGINE=MyISAM DEFAULT CHARSET=latin1;

--
-- Dumping data for table `admin`
--

INSERT INTO `admin` (`id_admin`, `password`, `tipe`) VALUES
(1, '4386bb6c2b563a01600e9617b53c22c8', 'ADMIN'),
(2, 'e7634954e706e3be0a6686377d340560', 'SOAL');

-- --------------------------------------------------------

--
-- Table structure for table `aktifasi_soal`
--

CREATE TABLE `aktifasi_soal` (
  `id` int(11) NOT NULL,
  `jurusan` int(11) NOT NULL,
  `paket` enum('A','B','C','D') NOT NULL,
  `status_soal` enum('0','1') NOT NULL DEFAULT '0'
) ENGINE=InnoDB DEFAULT CHARSET=latin1;

--
-- Dumping data for table `aktifasi_soal`
--

INSERT INTO `aktifasi_soal` (`id`, `jurusan`, `paket`, `status_soal`) VALUES
(1, 1, 'A', '1'),
(2, 1, 'B', '1'),
(3, 1, 'C', '0'),
(4, 1, 'D', '0'),
(5, 2, 'A', '1'),
(6, 2, 'B', '1'),
(7, 2, 'C', '0'),
(8, 2, 'D', '0'),
(9, 4, 'A', '1'),
(10, 4, 'B', '1'),
(11, 4, 'C', '0'),
(12, 4, 'D', '0');

-- --------------------------------------------------------

--
-- Table structure for table `akun`
--

CREATE TABLE `akun` (
  `id_akun` char(14) NOT NULL,
  `nama` varchar(500) NOT NULL,
  `alamat` varchar(500) NOT NULL,
  `sekolah` varchar(500) NOT NULL,
  `email` varchar(200) NOT NULL,
  `password` varchar(200) NOT NULL,
  `status_bayar` enum('0','1') NOT NULL,
  `status_aktif` enum('0','1') NOT NULL,
  `kode_jurusan` int(11) NOT NULL,
  `foto` varchar(200) NOT NULL
) ENGINE=MyISAM DEFAULT CHARSET=latin1;

--
-- Dumping data for table `akun`
--

INSERT INTO `akun` (`id_akun`, `nama`, `alamat`, `sekolah`, `email`, `password`, `status_bayar`, `status_aktif`, `kode_jurusan`, `foto`) VALUES
('04042018025615', 'Rendi Wibowo', 'Jl. Katu 2 No.24 Kel. Perwata Kec. Teluk Betung Timur Kota Bandar Lampung', 'SMA Negeri 3 Bandar Lampung', 'rendiwibowo38@gmail.com', '2e73dd3fa38d9cb40513351266cf2bdf', '0', '1', 3, ''),
('01042018142606', 'Ruri Wijaya ', 'Bogor', 'SMKN 1 CIBINONG', 'rury.wijaya@gmail.com', '2f684158442993e9a7fae76d06a680fb', '0', '1', 3, ''),
('02042018041332', 'Andika Hegar Syahbowo', 'Bogor', 'SMAN 1 Gunungputri', 'andikahegar10@gmail.com', '04618e2cf51c20ce460a23c24506499d', '0', '1', 1, ''),
('03042018004206', 'Opti Legi Barahti', 'Jl karmen 131', 'SMA PGII 1', 'optilegibarahti@ymail.com', '69f2e2e2985146318d2146969decbf97', '1', '1', 3, ''),
('03042018124235', 'Cihuy', 'CIhuy', 'Cihuy', 'cihuy@gmail.com', 'f84a4181bce807db27e6435bee32a83c', '0', '0', 3, ''),
('03042018124746', 'Lieztya Priscilla Salsabila', 'jl.h.sapri cluster pondok bintaro indah', 'sma yadika 5', 'salsabila.priscilla@gmail.com', '29c6114824286134aee3db3225cc6615', '0', '1', 1, ''),
('03042018124748', 'Suhardani Yulyansyah Triawan Nainggolan', 'Jln. Sei Raya Dalan No. B. 8A', 'SMA k IMMANUEL', 'suhardanizz@gmail.com', '06d44eb75715f17fdc146ab94ea1c962', '0', '1', 1, ''),
('03042018125424', 'Guntur Ramadhan', 'Jalan Cut Nyak Dhien No 101', 'SMAN 1 Sumedang', 'gunturramadhan25@gmail.com', '001f3472a6c3662495d43e2638281d7d', '0', '1', 1, ''),
('03042018130913', 'Nurjariati', 'Villa Bekasi Indah 1', 'SMAN 2 TAMBUN SELATAN', 'nurjariati01@gmail.com', 'cb02a86655d317ab680b73cbaeed3a90', '0', '1', 1, ''),
('03042018132933', 'Eva Nur Safitri', 'Purwokerto', 'SMA N 2 Purwokerto ', 'eva_9f08@yahoo.co.id', '6ce37a947317461c6753996ca71ac797', '0', '1', 1, ''),
('03042018133752', 'Nurjariati', 'Villa Bekasi Indah 1', 'SMAN 2 TAMBUN SELATAN', 'nurjariati01@gmail.com', 'cb02a86655d317ab680b73cbaeed3a90', '0', '1', 1, ''),
('03042018134950', 'Gustiana Intan Widuri', 'Jalan Pramuka No.13 Cikondang', 'SMAN 1 Kota Sukabumi', 'Tyabam123@gmail.com', '04e42ab67fc05cecfc63282944894c51', '0', '1', 2, ''),
('03042018140157', 'Farras mudrikah', 'Jalan pilang raya gang lamtoro', 'Sman 1 kota Cirebon', 'goobslimer@gmail.com', 'cfbc856c75e18e19bc019c5017f5e225', '0', '1', 1, ''),
('03042018140901', 'Gustiana Intan Widuri', 'Jalan Pramuka No.13 ', 'SMAN 1 Kota Sukabumi', 'gustianaintanw19@gmail.com', '04e42ab67fc05cecfc63282944894c51', '0', '1', 2, ''),
('03042018151950', 'Afif haruman permadi', 'Jl.AUPRAYA rt 06/10 no 33 pasarminggu jakarta selatan ', 'Sman 55 jakarta', 'afifharum@gmail.com', 'b8d21d746ba07e433a51fa6003db1f3d', '0', '1', 1, ''),
('03042018153254', 'Annisa Ariesta Sahertanu', 'Jl. P. Timor 3 no. 70 rt 003/009 kel. Aren Jaya kec. Bekasi Timur 17111', 'SMK Mandalahayu', 'xannisa26@gmail.com', 'c6b5a4fb4eefbbb6d300ba679dba4491', '0', '1', 2, ''),
('03042018225826', 'Annisa Permatasari ', 'SUKOREJO RT 3 RW 16 KADPIIRO', 'Sman 5 ska', 'annisapermatasaria@gmail.com', '64d17232824b7caebd3b24c6e92489ff', '0', '1', 1, ''),
('04042018000419', 'Dita Noviyanti', 'Kaligondang', 'SMAN 2 PURBALINGGA', 'drditanoviyanti91@gmail.com', '7c02353e8e09619ecdc58d84761dbefb', '0', '1', 1, ''),
('04042018015000', 'Ana ', 'Surabaya', 'SMA Surabaya', 'anapratiwi7@gmail.com', '3bfd0dd39049da91c451ee54224c075c', '0', '1', 2, ''),
('04042018031845', 'IQBAL', 'BANDUNG', 'SMK', 'iqbal.ramadhani55@gmail.com', '4cf7115a84d68a862ce3650f01e5eb8c', '1', '1', 2, '8ca3a4cc5e583b53258dee437843bb38.png'),
('04042018064400', 'joo', 'Jalan Kaliuran km 10', 'SMA N 8 Yogyakarta', 'novantika247@gmail.com', 'aa20e33fefb3de17b05685521df1104d', '0', '1', 1, ''),
('04042018115422', 'Firyal Nazhifa', 'Jalan Suka Tari II No.2-E', 'SMA Sutomo 1 Medan', 'firyal.nazhifa@gmail.com', 'f87ae95198ff9005d9f774b117fc1aac', '0', '1', 1, ''),
('07042018005004', 'Gita Adhelia Ramadhanty', 'Jalan Pucung II, Kramat Jati, Jakarta Timur', 'SMK NEGERI 8 JAKARTA', 'gitaramadhanty21@gmail.com', '587e4da6400cc968e8ff8bcdf009ad82', '0', '0', 2, ''),
('10042018005943', 'Safira dena tsamratul aini', 'Komp. Permata biru blok am no.101 cinunuk cileunyi kab. Bandung', 'Smkn 13 bandung', 'Safira.oca@gmail.com', '45e186e8fbef698ae89f47f88437de39', '1', '1', 1, ''),
('09042018130455', 'Ilham maulud', 'Perumahan jatijajar blok D9/05', 'Sman 4 depok', 'ilhammaulud94@gmail.com', '122683181075188ecef523d051b3486f', '1', '1', 2, ''),
('09042018211434', 'Cindy lucia simanihuruk', 'Jln d.i panjaitan tarutung', 'Sma n 1 tarutung', 'cindy0906simanihuruk@gmail.com', '45e3ab5fe0da098404718cf3068bcfe3', '0', '1', 1, ''),
('09042018000124', 'AI NURAIDAH', 'Cianjur', 'SMAN 1 SUKANAGARA CIANJUR', 'ainuraidah99@gmail.com', 'd6818401be722edcc30f7ddae400a0a9', '0', '1', 2, ''),
('09042018003550', 'Risma Nur Syabani', 'Jln. Sukamulya dalam 3 no. 41', 'SMKN 1 TASIKMALAYA', 'Rinsyabani@gmail.com', '9d1aebbd14a8758fe3b7e77807db5d69', '0', '1', 2, ''),
('10042018012541', 'Putri Nuralifiah', 'Jalan jendral sudirman no.227  km2', 'Sman 1 parepare', 'pnuraliviviah@gmail.com', '58a27dacc416778a42d378b94bd5683b', '0', '0', 1, ''),
('10042018022522', 'Annisa Melynia Shelicha', 'Tahunan RT.04 RW.07 Jepara', 'SMAN 1 JEPARA', 'melannisa21@gmail.com', '79ac0623303bcd641380a1586b0761e0', '0', '1', 2, ''),
('10042018023831', 'AISYAH NURSETYA', 'jl. sidotopo wetan 1D no.26 surabaya', 'SMAN 8 SURABAYA', 'aisyahnursetya@gmail.com', '0e311e5b9704f28b4e8557e8fa3fbe7d', '0', '0', 2, ''),
('10042018025047', 'Tri Utami Handayani', 'Jl. Pengadegan utara rt. 01 rw.08 no.8', 'Sman 55', 'triutamih@gmail.com', '37eaffc569c391a6e0793b9fce108e5f', '0', '0', 2, ''),
('10042018032018', 'Ivan Eka', 'Jl. Dewi Sartika 06/07 No. 27, Margahayu, Bekasi Timur 17113', 'SMAN 1 Bekasi', 'ivanekaputra24@gmail.com', '7b7515d6efcf523254f778d86882b1a7', '0', '1', 1, ''),
('10042018033827', 'Shafira Vanessa', 'Jln. Jend Sudirman No.93', 'SMAN 1 Garut', 'shafiravnsa@gmail.com', '9fa427e87b71f569357d280d75b35840', '0', '1', 1, ''),
('10042018074442', 'Nesia Siregar', 'Jl. Cakrawala no.7 Pematangsiantar', 'SMAK Kalam Kudus P. Siantar', 'nesiasiregar123@gmail.com', '6d0882240f9eea0da3456b25c94e2a7f', '0', '0', 1, ''),
('10042018083800', 'Nur Aisyah ', 'Jl.H.M.Yasin Limpo ', 'SMA NEGERI 3 PALOPO ', 'Icha290199@yahoo.com', '886e959dfe82a265ec2d6299c1ae9a42', '0', '0', 2, ''),
('10042018095105', 'Safira Dwiyanti Laskarjati', 'Blok DD 8 No 06 Ciangsana Gunung Putri', 'SMAN 41 Jakarta Utara', 'safira04362@gmail.com', '71cd1d4e0e694ca4e6edcd212fa3e3f3', '0', '1', 1, ''),
('10042018104959', 'Vera indriani', 'Jl.P.Diponegoro no.11', 'Sma n 1 ketapang', 'Indrianivera396@gmail.com', '095e731b034ee4b34d9e6bed247fa5f5', '1', '1', 2, ''),
('10042018105941', 'Kamila Salsabila Iman', 'Simo Katrungan Baru No.65', 'SMAN 21 SURABAYA', 'kamilasalsa21@gmail.com', '72724ea2b6bbc30b703028a7e15c98d6', '0', '1', 1, ''),
('10042018183704', 'Ana ', 'Surabaya', 'Sma Surabaya', 'anapratiwi393@yahoo.com', 'dbb4d6e25677f90851b4d1d52bce48e5', '0', '1', 2, ''),
('11042018083014', 'Anisa Dwi Saputri', 'Jl. Sa\'ari dalam No. 35', 'SMK islam Assa\'adatul Abadiyah', 'anisadwisaputri@mail.com', '494b5117c8205d13acf1c4167d9690ae', '0', '0', 1, ''),
('11042018083444', 'Anisa Dwi Saputri', 'Jl. Sa\'ari dalam No. 35 RT.004/002 ', 'SMK islam Assa\'adatul Abadiyah', 'anisadwisptr16@gmail.com', '592b74cfd8afa64cc15578b1b51f66ab', '0', '1', 1, ''),
('11042018133931', 'Fala Arielya Putri Agita', 'Ds. Karangbolo RT 3 RW 7, Lerep, Ungaran Barat, Kab. Semarang, Jawa Tengah', 'SMA N 1 Ungaran', 'falarly46@yahoo.com', '5ae0070683e16f47391a6c313439c106', '1', '1', 2, ''),
('12042018112938', 'Ndaru Nuridho Alfian', 'Pondok Sidokare Asri blok P/3, Sidoarjo, Jawa Timur', 'SMAN 3 Malang', 'ndaru.alfian.na@gmail.com', '1fc4c62771572fc4ebf7fbbecec1a8e4', '0', '1', 1, ''),
('13042018092425', 'Asyraf Gazali', 'Jl.agussalim', 'SMAN 1 watampone', 'moch.afdal.abidin@gmail.com', 'f28258ee134f78e85a6772828c69b9d2', '0', '1', 1, ''),
('14042018022107', 'Sekar Mumpuni', 'Perumahan Bukit Permata Asri Blok A no. 22 Kec. Leuwiliang Kab. Bogor, Jawa Barat', 'SMAN 1 Leuwiliang', 'sekarmumpuni3@gmail.com', 'fcbf7a00b5c4ca5547ae7a8cc8d0edef', '1', '1', 2, ''),
('14042018103844', 'Karin n', 'Jln cipinang raya no8', ' Sman 1', 'karinamalia7@gmail.com', '6996cb98b7d62d6f889efc8b61d2a4d7', '0', '0', 1, ''),
('16042018143403', 'delya jati pangestu', 'jl.panjaitan raya 3A no 23, rt 06 rw 01, susukan ungaran timur', 'smk n 1 bawen', 'deliapangestu22@gmail.com', 'c2a7ee14f6693222bd513894c7253831', '0', '0', 2, ''),
('16042018143715', 'Arsita Nurfauziah', 'Kp. Bulu RT 03/10 No.122 Setiamekar Tambun Selatan', 'SMAN 2 Tambun Selatan', 'arsita.nurfauziah@gmail.com', 'b8986a3179c36074ccf0d67da5540972', '0', '1', 2, ''),
('16042018231154', 'Carenina Trisnaningtyas', 'jl. kalisombo no 40 rt 06 rw 05 Salatiga', 'Sman 1 Salatiga', 'careninatyas06@gmail.com', 'd3ae8de442d5728530133c6f9de4d31f', '0', '1', 1, ''),
('17042018143823', 'Yesy Anugrah Pasulu', 'Jalan wijaya kusuma 1 Makassar', 'SMA NEGERI 17 MAKASSAR', 'yesypasulu@gmail.com', '753e29cd34ddc011b889154a6c2807d3', '1', '1', 1, ''),
('18042018003511', 'Linda sindia', 'Jalan andara', 'Sman 66 jkt', 'linda.sindia.wati@gmail.com', 'b7199ce976e5ff2b01e43911ff615f46', '0', '1', 2, ''),
('18042018021208', 'Amajida triska meilia', 'Jl nusa indah 2 tangerang', 'Sman 3 Kabupaten tangerang', 'atriskameilia@gmail.com', 'f637156da1057e2b41f0cdadb7c4c92f', '0', '1', 1, ''),
('18042018022731', 'Vista ayudya octaviany', 'Telaga kahuripan, Bukit Indraprasta D1/26', 'SMA YADIKA 7 BOGOR', 'vista.ayudya@gmail.com', 'e410c18698b82a227f9d7be063d2d2df', '0', '1', 1, ''),
('18042018121910', 'Zerlina Arisanti', 'Jl surowongso no.600 RT3 RW5 Karangbong, Gedangan, Sidoarjo', 'Sma Muhammadiyah 2 sidoarjo', 'zerlinaarisanti@gmail.com', '52db71f408793ec79ed310533891ec71', '1', '1', 1, ''),
('18042018232636', 'Yemima P', 'BTN Lapadde Mas blok A no. 12', 'SMA Negeri 1 Parepare', 'yemimapakiding01@gmail.com', '7595e07126883ceb8ef593ada3834b9c', '1', '1', 1, ''),
('19042018133647', 'Muhammad Fahrul Rizal', 'Griya Soka 5 Blok V2/11 Cimahpar', 'SMAN 3 BOGOR', 'muhammadfahrulrizal@gmail.com', 'bee39af62ee21a6e07a3b1be2ba54c6f', '1', '1', 1, 'a99f6bc465a65ea82d638a4839f6a530.jpg'),
('20042018144949', 'DICKY MARVEL MAHENDRA', 'TAMBAK WEDI BARU 17/113', 'SMAN 19 SURABAYA', 'dickymarvel99@gmail.com', '53e0f754b8354987436f080674bd883e', '0', '1', 1, ''),
('21042018004316', 'Gani', 'Jakbar', 'sman 78', 'amanda.savira72@gmail.com', '0f252b396981c3edfa20e56bdf81335a', '0', '1', 2, ''),
('21042018051009', 'Silfiatul mukaromah', 'Berbek, Nganjuk', 'Sman 1 nganjuk', 'silfiatul09@gmail.com', 'e66bccb1a6a02bf5cc1c7da7d50a5783', '0', '1', 1, ''),
('21042018054357', 'Nabila Salsa A', 'Griya pesona asri blok k 16', 'SMAN  5 Surabaya ', 'yulicnd61@gmail.com', '3473ecf8b443ca20687caa37450ca364', '0', '1', 1, ''),
('21042018055001', 'Ferdi Setiawan Putra Wijaya', 'Perum Elektro Balong Biru RT 12 RW 04 Desa Sadang Kecamatan Taman Kabupaten Sidoarjo Jawa Timur 61257', 'SMAN 1 Taman', 'ferdisetiawan38@gmail.com', '20d4d58cccb65b991cbd9ef16e7ff6fc', '1', '1', 1, ''),
('21042018062828', 'Hima Ragillia Dwinanda Putri Mahendra', 'Jln. Warujaya gg. Sawo no. 63 rt 02/22 Depok, Jawa Barat', 'Sman 3 depok', 'agildpm@gmail.com', 'dd3a3f8da5cbd844167ecbbce5915b96', '1', '1', 2, ''),
('23042018165148', 'Lainun Awanis', 'Kebonsari Candi Sidoarjo', 'MAN SIDOARJO', 'lainunawanis@gmail.com', '31d43dcd16443edbcd2751565114d551', '0', '1', 2, ''),
('24042018094035', 'Linda sindia', 'Jalan andara ', 'Sman 66 jkt', 'linda.sindia@hotmail.com', '984a961365994872ed4db65002b855a5', '0', '0', 2, ''),
('24042018132455', 'Aditia Prasetio', 'Semarang', 'SMAN 1 Pati', 'aditia.prasetio12@gmail.com', 'c720e2e549ee2470feb10c751da4330f', '1', '1', 1, ''),
('28042018141505', 'Rifky Gilang Saputra', 'Jl.Pelita raya blok C1 no 17, Depok', 'SMAS Lazuardi GIS Depok', 'rifkygilang56@gmail.com', '5a46b58e9edb832c99cf74788ae4730b', '0', '1', 2, ''),
('29042018143733', 'Opti LB ', 'Jl. Karang Menjangan no 131 Gubeng', 'SMAN 26 BANDUNG ', 'diyanahs0@gmail.com', 'a6db53f7cb60497fb0bd4fc85562af64', '1', '1', 3, '');

-- --------------------------------------------------------

--
-- Table structure for table `coba`
--

CREATE TABLE `coba` (
  `id` int(11) NOT NULL,
  `nama` int(11) NOT NULL
) ENGINE=MyISAM DEFAULT CHARSET=latin1;

--
-- Dumping data for table `coba`
--

INSERT INTO `coba` (`id`, `nama`) VALUES
(1, 121);

-- --------------------------------------------------------

--
-- Table structure for table `detail_hasil`
--

CREATE TABLE `detail_hasil` (
  `id_akun` varchar(200) NOT NULL,
  `jurusan` varchar(50) NOT NULL,
  `paket` varchar(50) NOT NULL,
  `id_soal` int(11) NOT NULL,
  `jawaban_soal` varchar(100) NOT NULL,
  `jawaban` varchar(100) NOT NULL
) ENGINE=InnoDB DEFAULT CHARSET=latin1;

--
-- Dumping data for table `detail_hasil`
--

INSERT INTO `detail_hasil` (`id_akun`, `jurusan`, `paket`, `id_soal`, `jawaban_soal`, `jawaban`) VALUES
('04042018031845', '1', 'B', 247, 'B', 'C'),
('04042018031845', '1', 'B', 257, 'E', ''),
('04042018031845', '1', 'B', 254, 'A', ''),
('04042018031845', '1', 'B', 251, 'C', ''),
('04042018031845', '1', 'B', 259, 'C', ''),
('04042018031845', '1', 'B', 258, 'A', ''),
('04042018031845', '1', 'B', 252, 'B', ''),
('04042018031845', '1', 'B', 248, 'E', ''),
('04042018031845', '1', 'B', 256, 'A', ''),
('04042018031845', '1', 'B', 261, 'E', ''),
('04042018031845', '1', 'B', 255, 'B', ''),
('04042018031845', '1', 'B', 260, 'C', ''),
('04042018031845', '1', 'B', 253, 'E', ''),
('04042018031845', '1', 'B', 249, 'E', ''),
('04042018031845', '1', 'B', 250, 'B', ''),
('04042018031845', '1', 'B', 520, 'B', ''),
('04042018031845', '1', 'B', 519, 'C', ''),
('04042018031845', '1', 'B', 516, 'D', ''),
('04042018031845', '1', 'B', 524, 'E', ''),
('04042018031845', '1', 'B', 517, 'B', ''),
('04042018031845', '1', 'B', 525, 'B', ''),
('04042018031845', '1', 'B', 526, 'C', ''),
('04042018031845', '1', 'B', 523, 'C', ''),
('04042018031845', '1', 'B', 518, 'B', ''),
('04042018031845', '1', 'B', 521, 'B', ''),
('04042018031845', '1', 'B', 522, 'C', ''),
('04042018031845', '1', 'B', 504, 'C', ''),
('04042018031845', '1', 'B', 501, 'D', ''),
('04042018031845', '1', 'B', 508, 'D', ''),
('04042018031845', '1', 'B', 505, 'D', ''),
('04042018031845', '1', 'B', 497, 'A', ''),
('04042018031845', '1', 'B', 509, 'E', ''),
('04042018031845', '1', 'B', 506, 'B', ''),
('04042018031845', '1', 'B', 498, 'A', ''),
('04042018031845', '1', 'B', 511, 'B', ''),
('04042018031845', '1', 'B', 502, 'B', ''),
('04042018031845', '1', 'B', 503, 'D', ''),
('04042018031845', '1', 'B', 514, 'C', ''),
('04042018031845', '1', 'B', 510, 'E', ''),
('04042018031845', '1', 'B', 507, 'A', ''),
('04042018031845', '1', 'B', 512, 'B', ''),
('04042018031845', '1', 'B', 515, 'D', ''),
('04042018031845', '1', 'B', 499, 'D', ''),
('04042018031845', '1', 'B', 513, 'E', ''),
('04042018031845', '1', 'B', 500, 'C', ''),
('04042018031845', '1', 'B', 269, 'D', ''),
('04042018031845', '1', 'B', 274, 'D', ''),
('04042018031845', '1', 'B', 276, 'D', ''),
('04042018031845', '1', 'B', 270, 'C', ''),
('04042018031845', '1', 'B', 275, 'A', ''),
('04042018031845', '1', 'B', 263, 'E', ''),
('04042018031845', '1', 'B', 262, 'E', ''),
('04042018031845', '1', 'B', 271, 'D', ''),
('04042018031845', '1', 'B', 265, 'B', ''),
('04042018031845', '1', 'B', 264, 'C', ''),
('04042018031845', '1', 'B', 266, 'A', ''),
('04042018031845', '1', 'B', 273, 'C', ''),
('04042018031845', '1', 'B', 267, 'B', ''),
('04042018031845', '1', 'B', 268, 'B', ''),
('04042018031845', '1', 'B', 272, 'A', ''),
('04042018031845', '1', 'A', 29, 'D', 'C'),
('04042018031845', '1', 'A', 24, 'C', ''),
('04042018031845', '1', 'A', 21, 'A', ''),
('04042018031845', '1', 'A', 28, 'A', ''),
('04042018031845', '1', 'A', 19, 'C', ''),
('04042018031845', '1', 'A', 22, 'B', 'C'),
('04042018031845', '1', 'A', 36, 'A', ''),
('04042018031845', '1', 'A', 23, 'E', ''),
('04042018031845', '1', 'A', 30, 'A', ''),
('04042018031845', '1', 'A', 31, 'A', 'B'),
('04042018031845', '1', 'A', 32, 'B', 'D'),
('04042018031845', '1', 'A', 20, 'B', 'D'),
('04042018031845', '1', 'A', 25, 'E', ''),
('04042018031845', '1', 'A', 26, 'D', ''),
('04042018031845', '1', 'A', 27, 'A', 'C'),
('04042018031845', '1', 'A', 46, 'A', ''),
('04042018031845', '1', 'A', 47, 'A', ''),
('04042018031845', '1', 'A', 49, 'E', ''),
('04042018031845', '1', 'A', 38, 'D', ''),
('04042018031845', '1', 'A', 44, 'B', ''),
('04042018031845', '1', 'A', 126, 'D', ''),
('04042018031845', '1', 'A', 40, 'E', ''),
('04042018031845', '1', 'A', 42, 'A', ''),
('04042018031845', '1', 'A', 37, 'D', ''),
('04042018031845', '1', 'A', 43, 'D', ''),
('04042018031845', '1', 'A', 41, 'D', ''),
('04042018031845', '1', 'A', 45, 'D', ''),
('04042018031845', '1', 'A', 125, 'A', ''),
('04042018031845', '1', 'A', 39, '', ''),
('04042018031845', '1', 'A', 124, 'C', ''),
('04042018031845', '1', 'A', 128, 'A', ''),
('04042018031845', '1', 'A', 127, 'B', ''),
('04042018031845', '1', 'A', 132, 'B', ''),
('04042018031845', '1', 'A', 139, 'C', ''),
('04042018031845', '1', 'A', 138, 'B', ''),
('04042018031845', '1', 'A', 140, 'E', ''),
('04042018031845', '1', 'A', 136, 'D', ''),
('04042018031845', '1', 'A', 184, 'A', ''),
('04042018031845', '1', 'A', 130, 'B', ''),
('04042018031845', '1', 'A', 135, 'D', ''),
('04042018031845', '1', 'A', 133, 'A', ''),
('04042018031845', '1', 'A', 129, 'C', ''),
('04042018031845', '1', 'A', 137, 'D', ''),
('04042018031845', '1', 'A', 131, 'E', ''),
('04042018031845', '1', 'A', 134, 'A', ''),
('04042018031845', '1', 'A', 153, 'D', ''),
('04042018031845', '1', 'A', 149, 'B', ''),
('04042018031845', '1', 'A', 143, 'E', ''),
('04042018031845', '1', 'A', 146, 'A', ''),
('04042018031845', '1', 'A', 148, 'C', ''),
('04042018031845', '1', 'A', 144, 'A', ''),
('04042018031845', '1', 'A', 151, 'C', ''),
('04042018031845', '1', 'A', 141, 'A', ''),
('04042018031845', '1', 'A', 145, 'D', ''),
('04042018031845', '1', 'A', 142, 'E', ''),
('04042018031845', '1', 'A', 154, 'B', ''),
('04042018031845', '1', 'A', 155, 'A', ''),
('04042018031845', '1', 'A', 150, 'B', ''),
('04042018031845', '1', 'A', 147, 'A', ''),
('04042018031845', '1', 'A', 152, '', ''),
('04042018031845', '4', 'A', 683, 'B', 'C'),
('04042018031845', '4', 'A', 684, 'D', 'C'),
('04042018031845', '4', 'A', 686, 'B', ''),
('04042018031845', '4', 'A', 687, 'B', ''),
('04042018031845', '4', 'A', 681, 'C', ''),
('04042018031845', '4', 'A', 685, 'C', ''),
('04042018031845', '4', 'A', 682, 'C', ''),
('04042018031845', '4', 'A', 688, 'D', ''),
('04042018031845', '4', 'A', 716, 'E', ''),
('04042018031845', '4', 'A', 714, 'B', ''),
('04042018031845', '4', 'A', 713, 'E', ''),
('04042018031845', '4', 'A', 715, 'D', ''),
('04042018031845', '4', 'A', 717, 'C', ''),
('04042018031845', '4', 'A', 638, 'B', ''),
('04042018031845', '4', 'A', 678, '', ''),
('04042018031845', '4', 'A', 676, 'B', ''),
('04042018031845', '4', 'A', 677, 'D', ''),
('04042018031845', '4', 'A', 679, 'B', ''),
('04042018031845', '4', 'A', 680, 'E', ''),
('04042018031845', '4', 'A', 636, 'A', ''),
('04042018031845', '4', 'A', 720, 'A', ''),
('04042018031845', '4', 'A', 709, 'E', ''),
('04042018031845', '4', 'A', 703, 'E', ''),
('04042018031845', '4', 'A', 710, 'C', ''),
('04042018031845', '4', 'A', 721, 'A', ''),
('04042018031845', '4', 'A', 704, 'A', ''),
('04042018031845', '4', 'A', 702, 'D', ''),
('04042018031845', '4', 'A', 705, 'E', ''),
('04042018031845', '4', 'A', 698, 'B', ''),
('04042018031845', '4', 'A', 701, 'D', ''),
('04042018031845', '4', 'A', 712, 'C', ''),
('04042018031845', '4', 'A', 707, 'D', ''),
('04042018031845', '4', 'A', 706, 'D', ''),
('04042018031845', '4', 'A', 699, 'D', ''),
('04042018031845', '4', 'A', 700, 'B', ''),
('04042018031845', '4', 'A', 711, 'E', ''),
('04042018031845', '4', 'A', 708, 'E', ''),
('04042018031845', '4', 'A', 692, 'C', ''),
('04042018031845', '4', 'A', 689, 'D', ''),
('04042018031845', '4', 'A', 691, 'E', ''),
('04042018031845', '4', 'A', 718, 'A', ''),
('04042018031845', '4', 'A', 719, 'D', ''),
('04042018031845', '4', 'A', 690, 'A', ''),
('04042018031845', '4', 'A', 693, 'B', ''),
('04042018031845', '4', 'A', 697, 'C', ''),
('04042018031845', '4', 'A', 696, 'E', ''),
('04042018031845', '4', 'A', 695, 'A', ''),
('04042018031845', '4', 'A', 722, 'C', ''),
('04042018031845', '4', 'A', 694, 'A', ''),
('04042018031845', '4', 'A', 643, 'C', ''),
('04042018031845', '4', 'A', 630, 'E', ''),
('04042018031845', '4', 'A', 644, 'D', ''),
('04042018031845', '4', 'A', 645, 'D', ''),
('04042018031845', '4', 'A', 634, 'B', ''),
('04042018031845', '4', 'A', 642, 'A', ''),
('04042018031845', '4', 'A', 633, 'B', ''),
('04042018031845', '4', 'A', 635, 'E', ''),
('04042018031845', '4', 'A', 641, 'C', ''),
('04042018031845', '4', 'A', 632, 'B', ''),
('04042018031845', '4', 'A', 631, 'E', ''),
('04042018031845', '4', 'A', 650, 'B', ''),
('04042018031845', '4', 'A', 647, 'D', ''),
('04042018031845', '4', 'A', 649, 'A', ''),
('04042018031845', '4', 'A', 652, 'A', ''),
('04042018031845', '4', 'A', 655, 'B', ''),
('04042018031845', '4', 'A', 653, 'A', ''),
('04042018031845', '4', 'A', 656, 'A', ''),
('04042018031845', '4', 'A', 660, 'E', ''),
('04042018031845', '4', 'A', 654, 'B', ''),
('04042018031845', '4', 'A', 659, 'B', ''),
('04042018031845', '4', 'A', 657, 'A', ''),
('04042018031845', '4', 'A', 646, 'A', ''),
('04042018031845', '4', 'A', 651, 'E', ''),
('04042018031845', '4', 'A', 648, 'C', ''),
('04042018031845', '4', 'A', 658, 'A', ''),
('04042018031845', '4', 'A', 674, 'D', ''),
('04042018031845', '4', 'A', 673, 'A', ''),
('04042018031845', '4', 'A', 664, 'E', ''),
('04042018031845', '4', 'A', 668, 'A', ''),
('04042018031845', '4', 'A', 666, 'D', ''),
('04042018031845', '4', 'A', 670, 'B', ''),
('04042018031845', '4', 'A', 661, 'A', ''),
('04042018031845', '4', 'A', 675, 'D', ''),
('04042018031845', '4', 'A', 672, 'C', ''),
('04042018031845', '4', 'A', 665, 'B', ''),
('04042018031845', '4', 'A', 669, 'C', ''),
('04042018031845', '4', 'A', 662, 'D', ''),
('04042018031845', '4', 'A', 667, 'D', ''),
('04042018031845', '4', 'A', 663, 'E', ''),
('04042018031845', '4', 'A', 671, 'A', ''),
('04042018031845', '2', 'B', 385, 'C', 'C'),
('04042018031845', '2', 'B', 375, '', 'C'),
('04042018031845', '2', 'B', 373, 'E', 'D'),
('04042018031845', '2', 'B', 390, 'D', ''),
('04042018031845', '2', 'B', 391, 'A', ''),
('04042018031845', '2', 'B', 387, 'A', ''),
('04042018031845', '2', 'B', 383, 'A', ''),
('04042018031845', '2', 'B', 379, 'C', ''),
('04042018031845', '2', 'B', 388, 'B', ''),
('04042018031845', '2', 'B', 384, 'E', ''),
('04042018031845', '2', 'B', 394, 'C', ''),
('04042018031845', '2', 'B', 376, 'D', ''),
('04042018031845', '2', 'B', 393, 'D', ''),
('04042018031845', '2', 'B', 378, 'B', ''),
('04042018031845', '2', 'B', 389, 'E', ''),
('04042018031845', '2', 'B', 321, 'D', ''),
('04042018031845', '2', 'B', 330, 'D', ''),
('04042018031845', '2', 'B', 342, 'A', ''),
('04042018031845', '2', 'B', 338, 'C', ''),
('04042018031845', '2', 'B', 345, 'A', ''),
('04042018031845', '2', 'B', 343, 'B', ''),
('04042018031845', '2', 'B', 329, 'E', ''),
('04042018031845', '2', 'B', 328, 'C', ''),
('04042018031845', '2', 'B', 332, 'A', ''),
('04042018031845', '2', 'B', 331, 'C', ''),
('04042018031845', '2', 'B', 337, 'A', ''),
('04042018031845', '2', 'B', 322, 'A', ''),
('04042018031845', '2', 'B', 324, 'D', ''),
('04042018031845', '2', 'B', 335, 'B', ''),
('04042018031845', '2', 'B', 333, 'A', ''),
('04042018031845', '2', 'B', 299, 'A', ''),
('04042018031845', '2', 'B', 313, 'B', ''),
('04042018031845', '2', 'B', 304, 'C', ''),
('04042018031845', '2', 'B', 306, 'A', ''),
('04042018031845', '2', 'B', 301, 'A', ''),
('04042018031845', '2', 'B', 317, 'C', ''),
('04042018031845', '2', 'B', 318, 'C', ''),
('04042018031845', '2', 'B', 298, 'C', ''),
('04042018031845', '2', 'B', 311, 'D', ''),
('04042018031845', '2', 'B', 312, 'A', ''),
('04042018031845', '2', 'B', 310, 'C', ''),
('04042018031845', '2', 'B', 296, 'C', ''),
('04042018031845', '2', 'B', 319, 'A', ''),
('04042018031845', '2', 'B', 315, 'C', ''),
('04042018031845', '2', 'B', 314, 'D', ''),
('04042018031845', '2', 'B', 368, 'A', ''),
('04042018031845', '2', 'B', 361, 'E', ''),
('04042018031845', '2', 'B', 352, 'D', ''),
('04042018031845', '2', 'B', 346, 'D', ''),
('04042018031845', '2', 'B', 355, 'D', ''),
('04042018031845', '2', 'B', 364, 'B', ''),
('04042018031845', '2', 'B', 351, 'C', ''),
('04042018031845', '2', 'B', 362, 'A', ''),
('04042018031845', '2', 'B', 360, 'C', ''),
('04042018031845', '2', 'B', 366, 'B', ''),
('04042018031845', '2', 'B', 349, 'A', ''),
('04042018031845', '2', 'B', 367, 'A', ''),
('04042018031845', '2', 'B', 363, 'C', ''),
('04042018031845', '2', 'B', 354, 'A', ''),
('04042018031845', '2', 'B', 357, 'B', ''),
('04042018031845', '2', 'A', 239, 'B', 'C'),
('04042018031845', '2', 'A', 246, 'A', ''),
('04042018031845', '2', 'A', 235, 'A', ''),
('04042018031845', '2', 'A', 243, 'C', ''),
('04042018031845', '2', 'A', 238, 'D', ''),
('04042018031845', '2', 'A', 233, 'C', ''),
('04042018031845', '2', 'A', 240, 'C', ''),
('04042018031845', '2', 'A', 234, 'E', ''),
('04042018031845', '2', 'A', 236, 'C', ''),
('04042018031845', '2', 'A', 232, 'E', ''),
('04042018031845', '2', 'A', 245, 'C', ''),
('04042018031845', '2', 'A', 244, 'E', ''),
('04042018031845', '2', 'A', 241, 'C', ''),
('04042018031845', '2', 'A', 237, 'D', ''),
('04042018031845', '2', 'A', 242, 'A', ''),
('04042018031845', '2', 'A', 185, 'D', ''),
('04042018031845', '2', 'A', 201, 'C', ''),
('04042018031845', '2', 'A', 202, 'B', ''),
('04042018031845', '2', 'A', 183, 'B', ''),
('04042018031845', '2', 'A', 200, 'C', ''),
('04042018031845', '2', 'A', 195, 'B', ''),
('04042018031845', '2', 'A', 204, 'B', ''),
('04042018031845', '2', 'A', 182, 'D', ''),
('04042018031845', '2', 'A', 196, 'A', ''),
('04042018031845', '2', 'A', 205, 'C', ''),
('04042018031845', '2', 'A', 194, 'A', ''),
('04042018031845', '2', 'A', 203, 'C', ''),
('04042018031845', '2', 'A', 189, 'C', ''),
('04042018031845', '2', 'A', 191, 'B', ''),
('04042018031845', '2', 'A', 190, 'E', ''),
('04042018031845', '2', 'A', 174, 'C', ''),
('04042018031845', '2', 'A', 162, 'C', ''),
('04042018031845', '2', 'A', 160, 'A', ''),
('04042018031845', '2', 'A', 175, 'A', ''),
('04042018031845', '2', 'A', 419, 'C', ''),
('04042018031845', '2', 'A', 165, 'B', ''),
('04042018031845', '2', 'A', 159, 'D', ''),
('04042018031845', '2', 'A', 179, 'C', ''),
('04042018031845', '2', 'A', 168, 'C', ''),
('04042018031845', '2', 'A', 161, 'D', ''),
('04042018031845', '2', 'A', 177, 'E', ''),
('04042018031845', '2', 'A', 412, 'C', ''),
('04042018031845', '2', 'A', 167, 'A', ''),
('04042018031845', '2', 'A', 169, 'D', ''),
('04042018031845', '2', 'A', 173, 'E', ''),
('04042018031845', '2', 'A', 229, 'A', ''),
('04042018031845', '2', 'A', 219, 'B', ''),
('04042018031845', '2', 'A', 223, 'E', ''),
('04042018031845', '2', 'A', 222, 'C', ''),
('04042018031845', '2', 'A', 212, 'A', ''),
('04042018031845', '2', 'A', 220, '', ''),
('04042018031845', '2', 'A', 217, 'D', ''),
('04042018031845', '2', 'A', 216, 'A', ''),
('04042018031845', '2', 'A', 213, 'C', ''),
('04042018031845', '2', 'A', 228, 'B', ''),
('04042018031845', '2', 'A', 210, 'A', ''),
('04042018031845', '2', 'A', 231, 'B', ''),
('04042018031845', '2', 'A', 211, 'C', ''),
('04042018031845', '2', 'A', 224, 'A', ''),
('04042018031845', '2', 'A', 214, 'D', ''),
('21042018055001', '1', 'A', 23, 'E', ''),
('21042018055001', '1', 'A', 26, 'D', ''),
('21042018055001', '1', 'A', 19, 'C', ''),
('21042018055001', '1', 'A', 31, 'A', 'A'),
('21042018055001', '1', 'A', 29, 'D', ''),
('21042018055001', '1', 'A', 22, 'B', ''),
('21042018055001', '1', 'A', 30, 'A', ''),
('21042018055001', '1', 'A', 21, 'A', ''),
('21042018055001', '1', 'A', 28, 'A', ''),
('21042018055001', '1', 'A', 27, 'A', ''),
('21042018055001', '1', 'A', 25, 'E', 'E'),
('21042018055001', '1', 'A', 20, 'B', ''),
('21042018055001', '1', 'A', 36, 'A', ''),
('21042018055001', '1', 'A', 32, 'B', ''),
('21042018055001', '1', 'A', 24, 'C', ''),
('21042018055001', '1', 'A', 38, 'D', ''),
('21042018055001', '1', 'A', 43, 'D', ''),
('21042018055001', '1', 'A', 49, 'E', ''),
('21042018055001', '1', 'A', 125, 'A', ''),
('21042018055001', '1', 'A', 126, 'D', ''),
('21042018055001', '1', 'A', 39, '', ''),
('21042018055001', '1', 'A', 37, 'D', ''),
('21042018055001', '1', 'A', 41, 'D', ''),
('21042018055001', '1', 'A', 45, 'D', ''),
('21042018055001', '1', 'A', 46, 'A', ''),
('21042018055001', '1', 'A', 42, 'A', ''),
('21042018055001', '1', 'A', 40, 'E', ''),
('21042018055001', '1', 'A', 124, 'C', ''),
('21042018055001', '1', 'A', 44, 'B', ''),
('21042018055001', '1', 'A', 47, 'A', ''),
('21042018055001', '1', 'A', 140, 'E', ''),
('21042018055001', '1', 'A', 130, 'B', ''),
('21042018055001', '1', 'A', 134, 'A', ''),
('21042018055001', '1', 'A', 135, 'D', ''),
('21042018055001', '1', 'A', 128, 'A', ''),
('21042018055001', '1', 'A', 137, 'D', ''),
('21042018055001', '1', 'A', 184, 'A', ''),
('21042018055001', '1', 'A', 136, 'D', ''),
('21042018055001', '1', 'A', 139, 'C', ''),
('21042018055001', '1', 'A', 133, 'A', ''),
('21042018055001', '1', 'A', 138, 'B', ''),
('21042018055001', '1', 'A', 132, 'B', ''),
('21042018055001', '1', 'A', 129, 'C', ''),
('21042018055001', '1', 'A', 127, 'B', ''),
('21042018055001', '1', 'A', 131, 'E', ''),
('21042018055001', '1', 'A', 152, '', ''),
('21042018055001', '1', 'A', 148, 'C', ''),
('21042018055001', '1', 'A', 146, 'A', ''),
('21042018055001', '1', 'A', 153, 'D', ''),
('21042018055001', '1', 'A', 150, 'B', ''),
('21042018055001', '1', 'A', 144, 'A', ''),
('21042018055001', '1', 'A', 151, 'C', ''),
('21042018055001', '1', 'A', 143, 'E', ''),
('21042018055001', '1', 'A', 147, 'A', ''),
('21042018055001', '1', 'A', 141, 'A', ''),
('21042018055001', '1', 'A', 142, 'E', ''),
('21042018055001', '1', 'A', 154, 'B', ''),
('21042018055001', '1', 'A', 155, 'A', ''),
('21042018055001', '1', 'A', 149, 'B', ''),
('21042018055001', '1', 'A', 145, 'D', ''),
('19042018133647', '4', 'B', 561, 'A', 'A'),
('19042018133647', '4', 'B', 564, 'B', 'C'),
('19042018133647', '4', 'B', 565, 'E', 'E'),
('19042018133647', '4', 'B', 563, 'E', 'D'),
('19042018133647', '4', 'B', 562, 'A', 'B'),
('19042018133647', '4', 'B', 570, 'E', 'E'),
('19042018133647', '4', 'B', 569, 'E', 'E'),
('19042018133647', '4', 'B', 568, 'A', ''),
('19042018133647', '4', 'B', 566, 'A', 'A'),
('19042018133647', '4', 'B', 567, 'C', 'C'),
('19042018133647', '4', 'B', 571, 'E', 'D'),
('19042018133647', '4', 'B', 575, 'C', 'C'),
('19042018133647', '4', 'B', 573, 'E', 'B'),
('19042018133647', '4', 'B', 572, 'A', 'E'),
('19042018133647', '4', 'B', 574, 'A', 'C'),
('19042018133647', '4', 'B', 597, 'A', 'A'),
('19042018133647', '4', 'B', 594, '', ''),
('19042018133647', '4', 'B', 595, 'A', 'A'),
('19042018133647', '4', 'B', 600, '', 'A'),
('19042018133647', '4', 'B', 577, 'A', 'A'),
('19042018133647', '4', 'B', 596, '', 'B'),
('19042018133647', '4', 'B', 598, 'C', 'D'),
('19042018133647', '4', 'B', 576, 'E', 'E'),
('19042018133647', '4', 'B', 601, 'E', 'D'),
('19042018133647', '4', 'B', 599, 'B', 'B'),
('19042018133647', '4', 'B', 605, 'D', 'D'),
('19042018133647', '4', 'B', 602, 'B', 'B'),
('19042018133647', '4', 'B', 606, '', 'D'),
('19042018133647', '4', 'B', 604, 'C', 'C'),
('19042018133647', '4', 'B', 603, 'A', 'A'),
('19042018133647', '4', 'B', 619, 'D', 'A'),
('19042018133647', '4', 'B', 617, '', 'D'),
('19042018133647', '4', 'B', 613, 'D', 'D'),
('19042018133647', '4', 'B', 614, 'A', ''),
('19042018133647', '4', 'B', 615, 'D', 'D'),
('19042018133647', '4', 'B', 616, 'C', 'E'),
('19042018133647', '4', 'B', 611, 'B', ''),
('19042018133647', '4', 'B', 612, 'C', 'A'),
('19042018133647', '4', 'B', 608, 'C', 'C'),
('19042018133647', '4', 'B', 607, 'B', 'B'),
('19042018133647', '4', 'B', 610, 'C', 'E'),
('19042018133647', '4', 'B', 620, 'C', 'B'),
('19042018133647', '4', 'B', 618, '', 'E'),
('19042018133647', '4', 'B', 609, 'E', 'E'),
('19042018133647', '4', 'B', 621, '', 'B'),
('19042018133647', '4', 'B', 541, 'A', 'A'),
('19042018133647', '4', 'B', 535, 'A', 'A'),
('19042018133647', '4', 'B', 537, 'D', ''),
('19042018133647', '4', 'B', 528, '', 'B'),
('19042018133647', '4', 'B', 534, '', 'D'),
('19042018133647', '4', 'B', 530, 'B', 'B'),
('19042018133647', '4', 'B', 539, '', ''),
('19042018133647', '4', 'B', 538, 'D', ''),
('19042018133647', '4', 'B', 529, 'C', 'C'),
('19042018133647', '4', 'B', 532, 'C', ''),
('19042018133647', '4', 'B', 533, '', ''),
('19042018133647', '4', 'B', 536, '', ''),
('19042018133647', '4', 'B', 531, 'C', 'B'),
('19042018133647', '4', 'B', 527, 'B', 'B'),
('19042018133647', '4', 'B', 542, 'D', 'D'),
('19042018133647', '4', 'B', 623, '', 'A'),
('19042018133647', '4', 'B', 552, '', 'C'),
('19042018133647', '4', 'B', 625, '', 'B'),
('19042018133647', '4', 'B', 547, '', ''),
('19042018133647', '4', 'B', 543, '', 'D'),
('19042018133647', '4', 'B', 548, '', 'C'),
('19042018133647', '4', 'B', 546, '', ''),
('19042018133647', '4', 'B', 626, '', 'E'),
('19042018133647', '4', 'B', 545, '', 'B'),
('19042018133647', '4', 'B', 544, '', 'D'),
('19042018133647', '4', 'B', 549, '', 'E'),
('19042018133647', '4', 'B', 550, '', 'D'),
('19042018133647', '4', 'B', 622, '', ''),
('19042018133647', '4', 'B', 624, '', 'D'),
('19042018133647', '4', 'B', 551, '', 'D'),
('19042018133647', '4', 'B', 578, '', ''),
('19042018133647', '4', 'B', 590, '', 'A'),
('19042018133647', '4', 'B', 582, '', ''),
('19042018133647', '4', 'B', 579, '', 'B'),
('19042018133647', '4', 'B', 589, '', 'A'),
('19042018133647', '4', 'B', 580, '', 'B'),
('19042018133647', '4', 'B', 587, '', 'B'),
('19042018133647', '4', 'B', 592, '', 'A'),
('19042018133647', '4', 'B', 585, '', 'E'),
('19042018133647', '4', 'B', 588, '', 'B'),
('19042018133647', '4', 'B', 586, '', 'B'),
('19042018133647', '4', 'B', 584, '', 'D'),
('19042018133647', '4', 'B', 591, '', 'A'),
('19042018133647', '4', 'B', 583, '', 'E'),
('19042018133647', '4', 'B', 593, '', 'A'),
('21042018055001', '4', 'A', 685, 'C', 'C'),
('21042018055001', '4', 'A', 688, 'D', 'D'),
('21042018055001', '4', 'A', 683, 'B', 'B'),
('21042018055001', '4', 'A', 686, 'B', 'B'),
('21042018055001', '4', 'A', 687, 'B', 'D'),
('21042018055001', '4', 'A', 684, 'D', 'D'),
('21042018055001', '4', 'A', 681, 'C', 'C'),
('21042018055001', '4', 'A', 682, 'C', 'C'),
('21042018055001', '4', 'A', 717, 'C', 'C'),
('21042018055001', '4', 'A', 716, 'E', 'E'),
('21042018055001', '4', 'A', 713, 'E', 'E'),
('21042018055001', '4', 'A', 714, 'B', 'B'),
('21042018055001', '4', 'A', 715, 'D', 'D'),
('21042018055001', '4', 'A', 720, 'A', 'A'),
('21042018055001', '4', 'A', 679, 'B', 'E'),
('21042018055001', '4', 'A', 636, 'A', 'A'),
('21042018055001', '4', 'A', 678, '', ''),
('21042018055001', '4', 'A', 638, 'B', 'C'),
('21042018055001', '4', 'A', 676, 'B', 'B'),
('21042018055001', '4', 'A', 680, 'E', ''),
('21042018055001', '4', 'A', 677, 'D', 'D'),
('21042018055001', '4', 'A', 712, 'C', 'C'),
('21042018055001', '4', 'A', 709, 'E', 'D'),
('21042018055001', '4', 'A', 700, 'B', 'B'),
('21042018055001', '4', 'A', 703, 'E', 'E'),
('21042018055001', '4', 'A', 704, 'A', 'A'),
('21042018055001', '4', 'A', 706, 'D', 'D'),
('21042018055001', '4', 'A', 698, 'B', ''),
('21042018055001', '4', 'A', 721, 'A', 'A'),
('21042018055001', '4', 'A', 707, 'D', 'D'),
('21042018055001', '4', 'A', 711, 'E', 'E'),
('21042018055001', '4', 'A', 705, 'E', 'C'),
('21042018055001', '4', 'A', 702, 'D', 'D'),
('21042018055001', '4', 'A', 701, 'D', 'E'),
('21042018055001', '4', 'A', 708, 'E', 'E'),
('21042018055001', '4', 'A', 710, 'C', ''),
('21042018055001', '4', 'A', 699, 'D', 'D'),
('21042018055001', '4', 'A', 691, 'E', 'E'),
('21042018055001', '4', 'A', 719, 'D', 'D'),
('21042018055001', '4', 'A', 692, 'C', 'C'),
('21042018055001', '4', 'A', 690, 'A', ''),
('21042018055001', '4', 'A', 718, 'A', 'A'),
('21042018055001', '4', 'A', 693, 'B', 'B'),
('21042018055001', '4', 'A', 689, 'D', ''),
('21042018055001', '4', 'A', 695, 'A', 'A'),
('21042018055001', '4', 'A', 694, 'A', 'E'),
('21042018055001', '4', 'A', 697, 'C', 'C'),
('21042018055001', '4', 'A', 722, 'C', 'C'),
('21042018055001', '4', 'A', 696, 'E', ''),
('21042018055001', '4', 'A', 630, 'E', ''),
('21042018055001', '4', 'A', 633, 'B', 'B'),
('21042018055001', '4', 'A', 645, 'D', ''),
('21042018055001', '4', 'A', 634, 'B', ''),
('21042018055001', '4', 'A', 642, 'A', 'B'),
('21042018055001', '4', 'A', 641, 'C', 'C'),
('21042018055001', '4', 'A', 632, 'B', ''),
('21042018055001', '4', 'A', 631, 'E', ''),
('21042018055001', '4', 'A', 644, 'D', ''),
('21042018055001', '4', 'A', 635, 'E', ''),
('21042018055001', '4', 'A', 643, 'C', ''),
('21042018055001', '4', 'A', 651, 'E', ''),
('21042018055001', '4', 'A', 656, 'A', ''),
('21042018055001', '4', 'A', 648, 'C', ''),
('21042018055001', '4', 'A', 652, 'A', ''),
('21042018055001', '4', 'A', 654, 'B', ''),
('21042018055001', '4', 'A', 660, 'E', ''),
('21042018055001', '4', 'A', 655, 'B', ''),
('21042018055001', '4', 'A', 657, 'A', ''),
('21042018055001', '4', 'A', 659, 'B', ''),
('21042018055001', '4', 'A', 658, 'A', ''),
('21042018055001', '4', 'A', 653, 'A', ''),
('21042018055001', '4', 'A', 647, 'D', ''),
('21042018055001', '4', 'A', 650, 'B', ''),
('21042018055001', '4', 'A', 649, 'A', ''),
('21042018055001', '4', 'A', 646, 'A', ''),
('21042018055001', '4', 'A', 665, 'B', ''),
('21042018055001', '4', 'A', 667, 'D', ''),
('21042018055001', '4', 'A', 675, 'D', ''),
('21042018055001', '4', 'A', 673, 'A', ''),
('21042018055001', '4', 'A', 662, 'D', ''),
('21042018055001', '4', 'A', 664, 'E', ''),
('21042018055001', '4', 'A', 661, 'A', ''),
('21042018055001', '4', 'A', 669, 'C', ''),
('21042018055001', '4', 'A', 671, 'A', ''),
('21042018055001', '4', 'A', 670, 'B', ''),
('21042018055001', '4', 'A', 668, 'A', ''),
('21042018055001', '4', 'A', 663, 'E', ''),
('21042018055001', '4', 'A', 666, 'D', ''),
('21042018055001', '4', 'A', 674, 'D', ''),
('21042018055001', '4', 'A', 672, 'C', ''),
('21042018055001', '1', 'B', 254, 'A', ''),
('21042018055001', '1', 'B', 256, 'A', ''),
('21042018055001', '1', 'B', 258, 'A', ''),
('21042018055001', '1', 'B', 255, 'B', ''),
('21042018055001', '1', 'B', 250, 'B', ''),
('21042018055001', '1', 'B', 248, 'E', ''),
('21042018055001', '1', 'B', 257, 'E', ''),
('21042018055001', '1', 'B', 249, 'E', ''),
('21042018055001', '1', 'B', 247, 'B', ''),
('21042018055001', '1', 'B', 251, 'C', ''),
('21042018055001', '1', 'B', 259, 'C', ''),
('21042018055001', '1', 'B', 253, 'E', ''),
('21042018055001', '1', 'B', 252, 'B', ''),
('21042018055001', '1', 'B', 261, 'E', ''),
('21042018055001', '1', 'B', 260, 'C', ''),
('21042018055001', '1', 'B', 522, 'C', ''),
('21042018055001', '1', 'B', 516, 'D', ''),
('21042018055001', '1', 'B', 525, 'B', ''),
('21042018055001', '1', 'B', 520, 'B', ''),
('21042018055001', '1', 'B', 526, 'C', ''),
('21042018055001', '1', 'B', 523, 'C', ''),
('21042018055001', '1', 'B', 518, 'B', ''),
('21042018055001', '1', 'B', 524, 'E', ''),
('21042018055001', '1', 'B', 521, 'B', ''),
('21042018055001', '1', 'B', 517, 'B', ''),
('21042018055001', '1', 'B', 519, 'C', ''),
('21042018055001', '1', 'B', 508, 'D', 'E'),
('21042018055001', '1', 'B', 499, 'D', 'D'),
('21042018055001', '1', 'B', 497, 'A', 'A'),
('21042018055001', '1', 'B', 504, 'C', 'C'),
('21042018055001', '1', 'B', 507, 'A', 'B'),
('21042018055001', '1', 'B', 506, 'B', 'B'),
('21042018055001', '1', 'B', 511, 'B', 'D'),
('21042018055001', '1', 'B', 498, 'A', 'A'),
('21042018055001', '1', 'B', 501, 'D', 'D'),
('21042018055001', '1', 'B', 513, 'E', 'E'),
('21042018055001', '1', 'B', 514, 'C', ''),
('21042018055001', '1', 'B', 505, 'D', ''),
('21042018055001', '1', 'B', 512, 'B', ''),
('21042018055001', '1', 'B', 500, 'C', ''),
('21042018055001', '1', 'B', 515, 'D', ''),
('21042018055001', '1', 'B', 503, 'D', ''),
('21042018055001', '1', 'B', 509, 'E', ''),
('21042018055001', '1', 'B', 502, 'B', ''),
('21042018055001', '1', 'B', 510, 'E', ''),
('21042018055001', '1', 'B', 262, 'E', ''),
('21042018055001', '1', 'B', 264, 'C', ''),
('21042018055001', '1', 'B', 265, 'B', ''),
('21042018055001', '1', 'B', 267, 'B', ''),
('21042018055001', '1', 'B', 276, 'D', ''),
('21042018055001', '1', 'B', 269, 'D', ''),
('21042018055001', '1', 'B', 273, 'C', ''),
('21042018055001', '1', 'B', 274, 'D', ''),
('21042018055001', '1', 'B', 266, 'A', ''),
('21042018055001', '1', 'B', 268, 'B', ''),
('21042018055001', '1', 'B', 272, 'A', ''),
('21042018055001', '1', 'B', 270, 'C', ''),
('21042018055001', '1', 'B', 275, 'A', ''),
('21042018055001', '1', 'B', 271, 'D', ''),
('21042018055001', '1', 'B', 263, 'E', ''),
('21042018055001', '4', 'B', 565, 'E', 'E'),
('21042018055001', '4', 'B', 561, 'A', ''),
('21042018055001', '4', 'B', 562, 'A', ''),
('21042018055001', '4', 'B', 563, 'E', ''),
('21042018055001', '4', 'B', 564, 'B', ''),
('21042018055001', '4', 'B', 569, 'E', ''),
('21042018055001', '4', 'B', 566, 'A', ''),
('21042018055001', '4', 'B', 570, 'E', ''),
('21042018055001', '4', 'B', 567, 'C', ''),
('21042018055001', '4', 'B', 568, 'A', ''),
('21042018055001', '4', 'B', 571, 'E', ''),
('21042018055001', '4', 'B', 572, 'A', ''),
('21042018055001', '4', 'B', 575, 'C', ''),
('21042018055001', '4', 'B', 573, 'E', ''),
('21042018055001', '4', 'B', 574, 'A', ''),
('21042018055001', '4', 'B', 598, 'C', ''),
('21042018055001', '4', 'B', 577, 'A', ''),
('21042018055001', '4', 'B', 576, 'E', ''),
('21042018055001', '4', 'B', 599, 'B', ''),
('21042018055001', '4', 'B', 600, '', ''),
('21042018055001', '4', 'B', 601, 'E', ''),
('21042018055001', '4', 'B', 595, 'A', ''),
('21042018055001', '4', 'B', 597, 'A', ''),
('21042018055001', '4', 'B', 596, '', ''),
('21042018055001', '4', 'B', 594, '', ''),
('21042018055001', '4', 'B', 606, '', ''),
('21042018055001', '4', 'B', 603, 'A', ''),
('21042018055001', '4', 'B', 602, 'B', ''),
('21042018055001', '4', 'B', 605, 'D', 'D'),
('21042018055001', '4', 'B', 604, 'C', 'C'),
('21042018055001', '4', 'B', 608, 'C', ''),
('21042018055001', '4', 'B', 613, 'D', 'D'),
('21042018055001', '4', 'B', 618, '', 'C'),
('21042018055001', '4', 'B', 609, 'E', 'E'),
('21042018055001', '4', 'B', 611, 'B', ''),
('21042018055001', '4', 'B', 614, 'A', ''),
('21042018055001', '4', 'B', 612, 'C', ''),
('21042018055001', '4', 'B', 621, '', ''),
('21042018055001', '4', 'B', 615, 'D', ''),
('21042018055001', '4', 'B', 617, '', ''),
('21042018055001', '4', 'B', 616, 'C', ''),
('21042018055001', '4', 'B', 620, 'C', ''),
('21042018055001', '4', 'B', 619, 'D', ''),
('21042018055001', '4', 'B', 610, 'C', ''),
('21042018055001', '4', 'B', 607, 'B', ''),
('21042018055001', '4', 'B', 542, 'D', ''),
('21042018055001', '4', 'B', 528, '', ''),
('21042018055001', '4', 'B', 535, 'A', ''),
('21042018055001', '4', 'B', 527, 'B', ''),
('21042018055001', '4', 'B', 541, 'A', ''),
('21042018055001', '4', 'B', 537, 'D', ''),
('21042018055001', '4', 'B', 531, 'C', ''),
('21042018055001', '4', 'B', 536, '', ''),
('21042018055001', '4', 'B', 530, 'B', ''),
('21042018055001', '4', 'B', 539, '', ''),
('21042018055001', '4', 'B', 538, 'D', ''),
('21042018055001', '4', 'B', 534, '', ''),
('21042018055001', '4', 'B', 533, '', ''),
('21042018055001', '4', 'B', 529, 'C', ''),
('21042018055001', '4', 'B', 532, 'C', ''),
('21042018055001', '4', 'B', 543, '', ''),
('21042018055001', '4', 'B', 622, '', ''),
('21042018055001', '4', 'B', 623, '', ''),
('21042018055001', '4', 'B', 551, '', ''),
('21042018055001', '4', 'B', 546, '', ''),
('21042018055001', '4', 'B', 548, '', ''),
('21042018055001', '4', 'B', 545, '', ''),
('21042018055001', '4', 'B', 624, '', ''),
('21042018055001', '4', 'B', 547, '', ''),
('21042018055001', '4', 'B', 549, '', ''),
('21042018055001', '4', 'B', 550, '', ''),
('21042018055001', '4', 'B', 625, '', ''),
('21042018055001', '4', 'B', 626, '', ''),
('21042018055001', '4', 'B', 552, '', ''),
('21042018055001', '4', 'B', 544, '', ''),
('21042018055001', '4', 'B', 578, '', ''),
('21042018055001', '4', 'B', 590, '', ''),
('21042018055001', '4', 'B', 592, '', ''),
('21042018055001', '4', 'B', 586, '', ''),
('21042018055001', '4', 'B', 588, '', ''),
('21042018055001', '4', 'B', 585, '', ''),
('21042018055001', '4', 'B', 584, '', ''),
('21042018055001', '4', 'B', 591, '', ''),
('21042018055001', '4', 'B', 587, '', ''),
('21042018055001', '4', 'B', 580, '', ''),
('21042018055001', '4', 'B', 583, '', ''),
('21042018055001', '4', 'B', 582, '', ''),
('21042018055001', '4', 'B', 589, '', ''),
('21042018055001', '4', 'B', 593, '', ''),
('21042018055001', '4', 'B', 579, '', '');

-- --------------------------------------------------------

--
-- Table structure for table `hasil_ujian`
--

CREATE TABLE `hasil_ujian` (
  `id_akun` varchar(200) NOT NULL,
  `jurusan` int(11) NOT NULL,
  `paket` enum('A','B','C','D') NOT NULL,
  `skor` float NOT NULL,
  `benar` int(11) NOT NULL,
  `salah` int(11) NOT NULL,
  `kosong` int(11) NOT NULL
) ENGINE=InnoDB DEFAULT CHARSET=latin1;

--
-- Dumping data for table `hasil_ujian`
--

INSERT INTO `hasil_ujian` (`id_akun`, `jurusan`, `paket`, `skor`, `benar`, `salah`, `kosong`) VALUES
('14042018022107', 2, 'A', 47.9167, 35, 25, 0),
('17042018143823', 1, 'A', 10.4167, 17, 43, 0),
('19042018133647', 1, 'A', 43.75, 33, 27, 0),
('02042018041332', 1, 'A', 4.16667, 3, 2, 55),
('03042018004206', 2, 'B', 0, 0, 0, 60),
('24042018132455', 1, 'A', -1.25, 1, 7, 52),
('14042018022107', 2, 'B', 41.6667, 32, 28, 0),
('19042018133647', 1, 'B', 53.3333, 35, 12, 13),
('14042018022107', 4, 'B', -35, 0, 84, 6),
('19042018133647', 4, 'B', -35.8333, 0, 86, 4),
('11042018133931', 4, 'B', -0.416667, 0, 1, 89),
('11042018133931', 2, 'A', 47.5, 34, 22, 4),
('21042018062828', 4, 'B', -22.0833, 0, 53, 37),
('21042018062828', 2, 'A', 37.0833, 28, 23, 9),
('29042018143733', 4, 'B', -17.0833, 0, 41, 49),
('21042018055001', 4, 'B', 15, 10, 4, 76),
('21042018055001', 1, 'A', 3.33333, 2, 0, 58),
('04042018031845', 1, 'B', -0.416667, 0, 1, 59),
('04042018031845', 1, 'A', -2.5, 0, 6, 54),
('04042018031845', 4, 'A', -0.833333, 0, 2, 88),
('04042018031845', 2, 'B', 0.833333, 1, 2, 57),
('04042018031845', 2, 'A', -0.416667, 0, 1, 59),
('21042018055001', 1, 'A', 3.33333, 2, 0, 58),
('19042018133647', 4, 'B', 25, 27, 48, 15),
('21042018055001', 4, 'A', 58.3333, 37, 8, 45),
('21042018055001', 1, 'B', 10.4167, 7, 3, 50),
('21042018055001', 4, 'B', 7.91667, 5, 1, 84);

-- --------------------------------------------------------

--
-- Table structure for table `ikut_ujian`
--

CREATE TABLE `ikut_ujian` (
  `id_akun` varchar(200) NOT NULL,
  `jurusan` int(11) NOT NULL,
  `paket` enum('A','B','C','D') NOT NULL,
  `ikut_ujian` enum('0','1','','') NOT NULL
) ENGINE=InnoDB DEFAULT CHARSET=latin1;

--
-- Dumping data for table `ikut_ujian`
--

INSERT INTO `ikut_ujian` (`id_akun`, `jurusan`, `paket`, `ikut_ujian`) VALUES
('04042018031845', 1, 'B', '1'),
('04042018031845', 1, 'A', '1'),
('04042018031845', 4, 'A', '1'),
('04042018031845', 2, 'B', '1'),
('04042018031845', 2, 'A', '1'),
('21042018055001', 1, 'A', '1'),
('19042018133647', 4, 'B', '1'),
('21042018055001', 4, 'A', '1'),
('21042018055001', 1, 'B', '1'),
('21042018055001', 4, 'B', '1');

-- --------------------------------------------------------

--
-- Table structure for table `jurusan`
--

CREATE TABLE `jurusan` (
  `kode_jurusan` int(11) NOT NULL,
  `jurusan` varchar(200) NOT NULL
) ENGINE=InnoDB DEFAULT CHARSET=latin1;

--
-- Dumping data for table `jurusan`
--

INSERT INTO `jurusan` (`kode_jurusan`, `jurusan`) VALUES
(1, 'SAINTEK'),
(2, 'SOSHUM'),
(3, 'IPC'),
(4, 'TKPA');

-- --------------------------------------------------------

--
-- Table structure for table `soal`
--

CREATE TABLE `soal` (
  `kode_jurusan` int(11) NOT NULL,
  `pelajaran` enum('MATEMATIKA IPA','KIMIA','FISIKA','BIOLOGI','SEJARAH','GEOGRAFI','EKONOMI','SOSIOLOGI','MATEMATIKA DASAR','BAHASA INDONESIA','BAHASA INGGRIS','LOGIKA PREPOSISI','LOGIKA ANALITIK','VERBAL','ARITMATIKA','POLA BARISAN','POLA GAMBAR') NOT NULL,
  `id_soal` int(11) NOT NULL,
  `paket` enum('A','B','C','D') NOT NULL,
  `soal` longtext NOT NULL,
  `opsi_a` varchar(500) NOT NULL,
  `opsi_b` varchar(500) NOT NULL,
  `opsi_c` varchar(500) NOT NULL,
  `opsi_d` varchar(500) NOT NULL,
  `opsi_e` varchar(500) NOT NULL,
  `jawaban` enum('A','B','C','D','E') NOT NULL,
  `pembahasan` varchar(500) NOT NULL
) ENGINE=MyISAM DEFAULT CHARSET=latin1;

--
-- Dumping data for table `soal`
--

INSERT INTO `soal` (`kode_jurusan`, `pelajaran`, `id_soal`, `paket`, `soal`, `opsi_a`, `opsi_b`, `opsi_c`, `opsi_d`, `opsi_e`, `jawaban`, `pembahasan`) VALUES
(1, 'MATEMATIKA IPA', 22, 'A', 'Enam anak, 3 laki-laki dan 3 perempuan, duduk berjajar. Peluang 3 perempuan duduk berdampingan adalah', '50b083b31bd8a5e79fa4051c385ca998.JPG', '1e598ab09bbd769c4390d90d93f82812.JPG', '5ee7b0c13f2173ed35f156747f309a3e.JPG', '6232bdeccf045fe667f1fbc30dd261b4.JPG', '1732058107ea00e72283e9459cb78a44.JPG', 'B', '28086bd7bac8ac47a97a440d3ec59881.JPG'),
(1, 'MATEMATIKA IPA', 19, 'A', '89a81cc70ffb52343bf2a4e2cef8f58b.JPG', '8', '6', '4', '2', '1', 'C', '14c1eff547197e8406c606d371179ac9.JPG'),
(1, 'MATEMATIKA IPA', 20, 'A', 'b2e3d41936a4fcc7cf1133d0ce4067a9.JPG', '6', '3', '1', '-1', '-6', 'B', '217f9792768ee2800ed0761d26cb0b75.JPG'),
(1, 'MATEMATIKA IPA', 21, 'A', '3fbcf261293b7bc351000f938bd53fc3.JPG', '4981b1021c671da6ff91d94eaba2e3f8.JPG', '9a526a631949c423a9437d1e3cd8e082.JPG', 'c05feaeaafe8cdbba8a6f94196d21897.JPG', '265f3c90a73c20178f7264c454115cde.JPG', '344578d3ca5e11c93a51ff0c3d06e9b5.JPG', 'A', '56fe29dd36cf1f29994fef6285749369.JPG'),
(1, 'FISIKA', 40, 'A', 'Jika sebuah generator dengan daya keluar P dan tegangan keluar V dihubungkan ke sebuah pabrik menggunakan kabel yang hambatan totalnya R, daya masukkan yang dikirim ke pabrik adalah', '2d7d7da8fc155cbae3ad133624e9856c.JPG', '2c37dc69e54aa8e4a62a3e8b6dbe0f43.JPG', 'c505e91419bcaf266afaf020dbf3c44a.JPG', 'a104358590a4b48368e8597151647e84.JPG', '89daf12c67a8ccf83ee4f3cf941b1858.JPG', 'E', '3dfb0edfa62b129e2c326ed71e7cebb2.JPG'),
(1, 'MATEMATIKA IPA', 23, 'A', 'cf644fa4926d1538fa213aba914a2ad6.JPG', '937f3bd154b0e9ba469970ef9be2d553.JPG', '16af3c67589998380a4410aca7155af4.JPG', '3109e795c42dae8093f797e87ba2a4b6.JPG', '31492c541d44e3b8d7710d558261aff2.JPG', '9728b016d2981f766a551ff88f2d3b50.JPG', 'E', 'ccc42a0d96435ff1de4dfdb643b8fe1f.JPG'),
(1, 'MATEMATIKA IPA', 24, 'A', '663db0c50e40ef8ee7227af849016ae6.JPG', '5bfb417426afa82e100cfb6f337904b9.JPG', '112e6dbf396c08847620d0ba0d05a4d7.JPG', '580bb1e0e4709f362fea22506fd27af8.JPG', 'ffeef0b3085bb26a5e6ddf090417b4ca.JPG', '71735adff6d0fcf659a6ce247be5539c.JPG', 'C', '2ca82f932d3b6e9f147541b4f076b9ac.JPG'),
(1, 'MATEMATIKA IPA', 25, 'A', 'ef53081bf6d0d8a799e6f33d1dce81c9.JPG', '6', '0', '93bde578c5cdcf0cfa081f09ebf26215.JPG', '2', '651c1fb6aa96f2f931d07248e724ed72.JPG', 'E', '14a9b958f6dfbd48aade99a5e0cdb80b.JPG'),
(1, 'MATEMATIKA IPA', 26, 'A', 'e58c0d531d45f3db17d174beddbdc458.JPG', '3e2df4c5ae07a1f25b8052960c22b6ae.JPG', 'af1bcef5b140c1c3a257259135ae4f5c.JPG', 'a55a0019c931f75825e98c033eb27b00.JPG', '339afc0e02a8da9c2286fa7c00d5809b.JPG', '40e5e09763e94a09f4d1c8ffc033c5d7.JPG', 'D', '77a8c7bbc1c061ddf803eac40fe2879c.JPG'),
(1, 'MATEMATIKA IPA', 27, 'A', '2c8c5e2c2cf7cd7d89d704fd470295d8.JPG', '1837e712414e3e415a8a8a5a0be9384c.JPG', '5ae9a5c99d05202e277802a0b21daffa.JPG', '98e015c5f520face46088bb1992f2342.JPG', '861405c6de15132752ed6c1ff84dac8a.JPG', 'ca2944fb86d94d7a386fff35a73a29bc.JPG', 'A', 'e45b0d04b96889b66ac9f510ee3d5191.JPG'),
(1, 'MATEMATIKA IPA', 28, 'A', 'd659e700d56f80b87522c9f452d89927.JPG', 'c9e6bcea341d33885184659ad0b58401.JPG', 'b0a1a1f8dad234134e61025726a23b06.JPG', 'aa7961de21784acb38513078aa5c9438.JPG', '0f4beae225a38e285768959de0636fcf.JPG', '83f5ef9a0b268d70e6b013a305449ba5.JPG', 'A', '65c9f4a07730560c5a2f96efe92f95ca.JPG'),
(1, 'MATEMATIKA IPA', 29, 'A', 'c88a6fcadc8d2ea02d14b91af1909c3e.JPG', '12', '10', '8', '6', '4', 'D', '7a3daa57b6183c7f5b3aac43920f1feb.JPG'),
(1, 'MATEMATIKA IPA', 30, 'A', '85ac5b8cf3874e167cc65fa57c161d75.JPG', 'f9dfdee4f260236425938fc145a30ce7.JPG', '3648c08b6ed1ff2d81fb86aecd459c78.JPG', '8b896928585c1f8d6c297fcedd06e6ee.JPG', '11f1f725757b92aa15b68c5ea5d0cd60.JPG', '873654ed749f712a98d7d2430f7e1ea9.JPG', 'A', 'edac0653d15d155ab2dccf030043ba6d.JPG'),
(1, 'MATEMATIKA IPA', 31, 'A', '0b629bede2caefe159a74875e3531b35.JPG', '9e2816eba4ba0d5f5e91280c7601dadb.JPG', '1cfc712b9316a6df6abde4e82b045aa7.JPG', '4a4b986a02caadddef7cf889cd0b09af.JPG', '6fccea9aaa0a5c180544b3820c50d64a.JPG', '7d5c5c39348015aa9b7995c365a50056.JPG', 'A', '942d15e936ecaad1b28813069219dab7.JPG'),
(1, 'MATEMATIKA IPA', 32, 'A', 'b843976ccd73c1132b851ec4d3fc28fd.JPG', '(4, 1)', '(4, -1)', '(4, 4)', '(4, -4)', '(4, 6)', 'B', 'b3b65e98eb52656775949d73d5eb9826.JPG'),
(1, 'FISIKA', 37, 'A', 'df423d201cabb40717215d8f0e6fd005.JPG', '60,00 m', '65,00 m', '70,00 m', '75,00 m', '80,00 m', 'D', 'f28a5dd439ef7d78030f75088eca41ba.JPG'),
(1, 'FISIKA', 38, 'A', 'Jika kecepatan rata-rata sebuah benda sama dengan nol, maka', 'Benda bergerak dengan kecepatan tetap', 'Jarak yang ditempuhnya sama dengan nol', 'Benda bergerak bolak-bolik', 'Perpindahan benda itu sama dengan nol', 'Kelajuan rata-rata benda sama dengan nol', 'D', '044b23de69abbb92c3c072391654da7c.JPG'),
(1, 'MATEMATIKA IPA', 36, 'A', 'Rumah di jalan veteran dinomori secara urut mulai 1 sampai 150. Berapa banyak rumah yang nomornya menggunakan angka 8 sekurang  kurangnya satu kali ?', '14', '15', '21', '24', '30', 'A', 'Dari rumah nomor 1 sampai 150 terdapat rumah yang menggunakan angka 8<br/> 8, 18, 28, 78 = ada 8 angka<br/> 80, 81, 82,89 = ada 10 angka<br/> 98, 108, 118, 148 = ada 6 angka<br/> Sehingga, banyak angka seluruhnya ada : 8 + 10 + 6 = 24'),
(1, 'FISIKA', 39, 'A', '2f8dfd150aa892054bf4b168c612dc59.JPG', 'c1a6e2010df1b5399206d717290cff03.JPG', '4cb19c8af5c0ac1a47a5a9b3681cdeed.JPG', '0a2f425d36f418a303e2d4b3227639a4.JPG', 'c76092e9d41cbd9ecb2b5279bfc178af.JPG', '94ccd3c1fd8c9e950fa7aa9f5e363d7a.JPG', '', 'b1baafe1697bc6460d86432c85aa85f2.JPG'),
(1, 'FISIKA', 41, 'A', '500a1c494df6ebb6f2793c0431d8466d.JPG', 'bc101a83cb0373f3eb25ad9295861bac.JPG', '598ac9fa0c75d45e3d971c9585bc4a43.JPG', '4ec6e0402f9c7db7f29134951c185872.JPG', 'db815e205391c74e284dcd288c509a03.JPG', 'df3a572439e3114d17fa57f5d642459d.JPG', 'D', '0f864792635f58e8629346dd35b0bf52.JPG'),
(1, 'FISIKA', 42, 'A', 'Peristiwa dispersi terjadi saat', 'Cahaya polikromatik mengalami pembiasan oleh prisma', 'Cahaya mengalami pemntulan ketika memasuki air', 'Cahaya polikromatik mengalami polarisasi', 'Cahaya monokromatik mengalami pembelokan oleh kisi', 'Cahaya bikromatik mengalami intervensi konstruktif', 'A', 'Dispersi adalah proses penguraian cahaya polikromatik menjadi cahaya monokromatik karena adanya perbedaan indeks bias medium yang dilewati, sehingga terjadi pembiasan masing-masing cahaya monokromatis. Contoh medium yang dilewati adalah prisma'),
(1, 'FISIKA', 43, 'A', 'Sebuah muatan listrik +0,2 C bergerak dengan kecepatan 20 m/s ke Utara memasuki medan magnet 0,2T yang arahnya ke Timur. Besar dan arah gaya magnet yang dialami muatan tersebut adalah', '0,8 N keluar bidang gambar', '0,8 N ke Selatan', '0,2 N ke Barat', '0,8 N masuk bidang gambar', '0,2 N masuk bidang gambar', 'D', 'd1bc4127c7c299958691225cc93bba87.JPG'),
(1, 'FISIKA', 44, 'A', 'Jarak bumi ke sebuah planet adalah 100 tahun cahaya. Jika ada alien dari planet tersebut bergerak menuju bumi dengan kecepatan 0,8 c ( c adalah kecepatan cahaya ), jarak yang ditempuh alien untuk sampai dibumi adalah', '40 tahun cahaya', '60 tahun cahaya', '80 tahun cahaya', '100 tahun cahaya', '120 tahun cahaya', 'B', 'f64436e17b1ab17a6a5dfd90a58d2b62.JPG'),
(1, 'FISIKA', 45, 'A', 'Suatu mol gas ideal mengalami proses isothermal pada suhu T sehingga volumenya menjadi 2 kali. Jika R adalah konstanta gas molar, usaha yang dikerjakan oleh gas selama proses tersebut adalah', 'R.T.V', 'R.T ln V', '2R.T', 'R.T. ln2', 'R.T.ln(2V)', 'D', '5e973910da1824d32dce986cc0824a8e.JPG'),
(1, 'FISIKA', 46, 'A', '502ea083f007ca2041ffccc5af163a47.JPG', '782befc788a8998098a1185f741bdc6f.JPG', '524c98404a04418d7d5836d10b28b48a.JPG', '45aa7362cae76aeac0916dca362fa8f7.JPG', 'a7ca40fb9ca05b23975f3d8768fbee3d.JPG', 'cd24c526ccd4b03819ef0bb7918c6d08.JPG', 'A', '46c1094c1deb307f1a938dc07eb9ba73.JPG'),
(1, 'FISIKA', 47, 'A', 'Suatu gaya merupakan gaya konservatif jika kerja yang dilakukannya terhadap benda\r\n<br/>\r\n(1) Hanya bergantung pada keadaan awal dan akhir\r\n<br/>\r\n(2) Sama dengan perubahan energy potensial benda\r\n<br/>\r\n(3) Tidak bergantung pada bentuk lintasan gerak\r\n<br/>\r\n(4) Tidak bergantung pada perubahan energy potensial', '', '', '', '', '', 'A', 'Suatu gaya merupakan gaya konservatif jika :</br>   (1)Hanya bergantung pada keadaan awal dan akhir <b>(benar)</b></br>   (2)Sama dengan perubahan energy potensial benda <b>(benar)</b></br>   (3)Tidak bergantung pada bentuk lintasan gerak <b>(benar)</b></br>   (4)Tidak bergantung pada perubahan energy potensial <b>(salah)</b>'),
(1, 'FISIKA', 48, '', 'Cahaya kuning dengan panjang gelombang 600nm dilewatkan pada sebuah kisi sehinga tampak gejala difraksi. Penyartaan yang tepat sudut difraksi orde pertamanya adalah\r\n<br/>', 'a', 'a', 'a', '', '', '', ''),
(1, 'FISIKA', 49, 'A', '55a07cacca680c11a6f7d9650a406a08.JPG', '', '', '', '', '', 'E', '73b4044a0f6622884256e43065219171.JPG'),
(1, 'FISIKA', 124, 'A', 'bb28ac9ec4788524ef8c047a49b6eb6f.JPG', '', '', '', '', '', 'C', 'Penyelesaian :<br/> (1)Pada kwat lingkaran terjadi arus induksi listrik kemana pun loop digerakkan <b>(salah)</b><br/> (2)Arah arus pada lingkaran kawat searah jarum jam, jika loop digerakkan ke arah kanan <b>(benar)</b><br/> (3)Dalam hal ini tidak berlaku Hukum Faraday <b>(salah)</b><br/> (4)Nilai arus induksi yang terjadi bergantung pada hambatan lingkaran kawat <b>(benar)</b>'),
(1, 'FISIKA', 125, 'A', 'Sebuah silinder berlubang mempunyai momen insersia lebih besar daripada silinder pejal yang terbuat dari bahan yang sama dan masa yang sama.\r\n<br/><center>SEBAB</center><br/>\r\nUntuk memberikan percepatan sudut pada sebuah benda diperlukan lebih banyak tenaga putaran.', '', '', '', '', '', 'A', '249b321ee065acf8a9e812439541bd9f.JPG'),
(1, 'FISIKA', 126, 'A', 'Pada peristiwa seseorang yang bersepeda menuruni bukit dengan laju tetap akan terjadi perubahan energy potensial menjadi energi kinetik.\r\n<br/>SEBAB<br/>\r\nEnergi kinetik berbanding lurus dengan kuadrat kecepatan.', '', '', '', '', '', 'D', '8e1d7ca034d1b5c77fc64d3a139c1d5a.JPG'),
(1, 'KIMIA', 127, 'A', 'Pembakaran sempurna 6,0 gram cuplikan yang mengandung senyawa hidrokarbon menghasilkan 4,4 gram gas karbon dioksida (Ar ; C = 12, O = 16). Persentase massa karbon dalam cuplikan tersebut adalah', '10 %', '20 %', '30 %', '40 %', '50 %', 'B', '8ed52d9bd5ad86d61534b9726d1a24b7.JPG'),
(1, 'KIMIA', 128, 'A', 'Reaksi anatara methanol ( CH<sub>3</sub>OH ) dan asam propanoat ( CH<sub>3</sub>CH<sub>2</sub>COOH ) yang dipanaskan pada suhu tertentu akan menghasilkan', 'CH<sub>3</sub>CH<sub>2</sub>COOCH<sub>3 </sub>dan H<sub>2</sub>O', 'CH<sub>3</sub>COCOOH dan H<sub>2</sub>O', 'CH<sub>3</sub>COOH dan CH<sub>3</sub>COH', 'HOCH(CH<sub>2</sub>OH) dan CH<sub>2</sub>O', 'CH<sub>3</sub>CHOHCH<sub>2</sub> dan H<sub>2</sub>O', 'A', 'CH<sub>3</sub>OH + CH<sub>3</sub>CH<sub>2</sub>COOH <b>-></b> CH<sub>3</sub>CH<sub>2</sub>COOCH<sub>3</sub> +  H<sub>2</sub>O'),
(1, 'KIMIA', 129, 'A', 'Pada tekanan 1 atm larutan sukrosa (C<sub>12</sub>H<sub>22</sub>O<sub>11</sub>) dalam air memiliki titik didih 101C. Jika Kb = 0,5C/m, maka konsentraksi larutan tersebut adalah', '6,0 molal', '4,0 molal', '2,0 molal', '1,0 molal', '0,5 molal', 'C', 'cf96043732e38e526975dd7683a03c46.JPG'),
(1, 'KIMIA', 130, 'A', '49213af0fad7e37fa3cfce75dc959dec.JPG', '10,4 g', '20,8 g', '41,6 g', '83,9 g', '166,4 g', 'B', 'e057819db2bea06f46662be2ee1bebfa.JPG'),
(1, 'KIMIA', 131, 'A', 'Bila 2,30 g dimetileter (Mr = 46) dibakar pada tekanan tetap, kalor yang dilepaskan adalah 82,5 kJ. Berdasarkan data ini, kalor pembakaran dimetileter adalah', '-413 kJ/mol', '+825 kJ/mol', '-825 kJ/mol', '+1650 kJ/mol', '-1650 kJ/mol', 'E', 'b4f0112cb7396f5a59b2bcc62db94587.JPG'),
(1, 'KIMIA', 132, 'A', 'Persamaan natrium bikarbonat akan menghasilakan CO<sub>2</sub> menurut reaksi berikut :\r\n<br/>\r\n2 NaHCO<sub>3</sub> (s) => Na<sub>2</sub>CO<sub>3</sub> (s)  + CO<sub>2</sub> (g) + H<sub>2</sub>O (g)\r\n</br>\r\nJika pada 125 => nilai K<sub>p</sub> untuk reaksi tersebut adalah 0,25 maka tekanan parsial (atm) karbondioksida dan uap air dalam system kesetimbangan adalah', '0.25', '0,50', '1,00', '2,00', '4,00', 'B', 'fc7ccd028854fbc7a33fe32afdcc6720.JPG'),
(1, 'KIMIA', 133, 'A', 'Gas N2 (Mr = 28) digunakan sebagai bahan dasar pupuk urea (NH<sub>2</sub>)<sub>2</sub>CO (Mr = 60). Kalau pabrik dapat memproduksi 3 juta ton urea/tahun, maka gas nitrogen/tahun yang digunakan adalah', '1,4 juta ton', '2,8 juta ton', '14 juta ton', '28 juta ton', '56 juta ton', 'A', 'f1bf09d249b274cc74931549f52e7d48.JPG'),
(1, 'KIMIA', 134, 'A', 'Jika suatu unsur L memiliki nomor atom 27 dan nomor massa 58, maka pernyataan yang benar tentang unsur tersebut adalah', 'L adalah logam transisi, berada pada periode yang sama dengan unsur K.', 'L memiliki jumlah proton 27, neutron 27 dan elekton 31', 'L termasuk unsur logam alkali tanah, periode 4, dan bisa membentuk basa L(OH)<sub>2</sub>.', 'L termasuk unsur nonlogam, periode 4 dan berada pada golongan yang sama dengan  <sub>45</sub>Rh.', 'L termasuk unsur logam alkali, periode 4 dan bersifat reduktor kuat', 'A', 'cb42462f0f56c9dc9a32aa3fae440f13.JPG'),
(1, 'KIMIA', 135, 'A', 'Gula 0,1 mol (zat nonelektrolit) dan 0,1 mol garam LX dengan derajat ionisasi 0,25 masing-masing dilarut dalam 1 L air (<i>p = 1 g/ml</i> ). Jika penurunan titik beku larutan gula t C, maka penurunan titik beku larutan garam LX adalah', '0,25 t C', '0,5 t C', '0,75 t C', '1,25 t C', '1,75 t C', 'D', '7f9d1e63201a7a87a96be6d5149e4cbd.JPG'),
(1, 'KIMIA', 136, 'A', 'HNO<sub>2</sub> merupakan asam yang lebih kuat dibandingkan HNO<sub>3</sub>.\r\n<br/><center><b>SEBAB</b></center><br/>\r\nAfinitas NO<sub>3</sub><sup>-</sup> terhadap proton lebih kecil daripada afinitas NO<sub>2</sub><sup>-</sup> terhadap proton.', '', '', '', '', '', 'D', 'HNO<sub>3</sub> merupakan asam yang lebih kuat dibandingkan HNO<sub>2</sub>, karena afinitas NO<sub>3</sub><sup>-</sup> terhadap proton lebih kecil daripada afinitas NO<sub>3</sub><sup>-</sup> terhadap proton.<br/> Pernyataan salah, alasan benar.'),
(1, 'KIMIA', 137, 'A', 'Dimetileter lebih polar dibandingkan etanol.\r\n<br/><center><b>SEBAB</b></center><br/>\r\nSenyawa organik golongan alkohol selalu mengandung gugus hidroksil.', '', '', '', '', '', 'D', 'Etanol lebih polar dimetileter, dengan dibuktikan :<br/> -Dimetileter CH<sub>3</sub>  O  CH<sub>3</sub> (bentuk molekulnya simetris = cenderung non polar)<br/> -Etanol CH<sub>3</sub>CH<sub>2</sub>OH = memilik gugus OH yang dapat mempengaruhi kepolaran senyawa.<br/> Berarti golongan alcohol selalu mengandung gugus hidroksil.<br/> Pernyataan salah, alasan benar<br/>'),
(1, 'KIMIA', 138, 'A', 'Reaksi senyawa X dengan air menghasilkan suatu senyawa yang merupakan isomer gugus fungsi eter. Pernyataan yang benar untuk senyawa X adalah\r\n<br/>\r\n(1)  Dapat memiliki rumus empiris CH<sub>2</sub>\r\n<br/>\r\n(2)  Semua atom C memiliki <i>sp<sup>3</sup></i>\r\n<br/>\r\n(3)  Dapat membentuk epoksida\r\n<br/>\r\n(4)  Larutan baik dalam air', '', '', '', '', '', 'B', 'Pernyataan yang benar adalah pernyataan 1 dan 3:<br/> (1)Dapat memiliki rumus empiris CH<sub>2</sub><br/> rumus molekul (RM) alkena C<sub>n</sub>H<sub>2n</sub> => Rumus empiris (RE) = CH<sub>2</sub><br/> (2)Pada alkena atom C memiliki hibridasi <i>sp<sup>2</sup></i> dan <i>sp<sup>3</sup></i><br/> (3)Alkena dapat membentuk epoksida<br/> (4)Semua hidrokarbon tidak larut dalam air'),
(1, 'KIMIA', 139, 'A', 'Diketahui H (Z = 1), N (Z = 7), dan F (Z = 9). Pernyataan yang benar untuk molekul NH3 dan NF3 adalah\r\n<br/>\r\n(1)Titik didih NH<sub>3</sub> <b>></b> NF<sub>3</sub>\r\n<br/>\r\n(2)Sifat basa NH<sub>3</sub>  <b>></b> NF<sub>3</sub>\r\n<br/>\r\n(3)Jumlah pasangan electron bebas NH<sub>3</sub> <b>></b> NF<sub>3</sub>\r\n<br/>\r\n(4)Keduanya memiliki bentuk molekul yang sama', '', '', '', '', '', 'C', 'Pada senyawa NH<sub>3</sub> dan NF<sub>3</sub><br/> - Titik didih NH<sub>3</sub>  NF<sub>3</sub> karena adanya ikatan hydrogen<br/> - Sifat basa NH<sub>3</sub>  NF<sub>3</sub><br/> - Memiliki jumlah PEB pada atom pusat yang sama<br/> - Bentuk molekul NH<sub>3</sub> NF<sub>3</sub> 2 dan 4 benar'),
(1, 'KIMIA', 140, 'A', 'Diketahui nomor atom H = 1, N = 7, O = 8 dan Cu = 29. Spesies yang mempunyai ikatan kovalen koordinasi adalah\r\n<br/>\r\n(1)  Cu(NH<sub>3</sub>)<sub>4</sub><sup>2+</sup>\r\n<br/>\r\n(2)  H<sub>3</sub>O<sup>+</sup>\r\n<br/>\r\n(3)  NH<sub>4</sub><sup>+</sup>\r\n<br/>\r\n(4)  Cu(OH)<sub>2</sub>', '', '', '', '', '', 'E', 'Contoh spesies yang memiliki ikatan kovalen koordinasi :<br/> - Cu(NH<sub>3</sub>)<sub>4</sub><sup>2+</sup><br/> - H<sub>3</sub>O<sup>+</sup><br/> - NH<sub>4</sub><sup>+</sup><br/> - Cu(OH)<sub>2</sub>'),
(1, 'BIOLOGI', 141, 'A', 'Manakah dari pernyataan berikut mengenai BOD yang tidak benar ?', 'BOD adalah jumlah oksigen yang dihasilkan oleh mikroorganisme yang melaksanakan fotosintesis.', 'Nilai BOD yang rendah menunjukkan jumlah oksigen yang terlarut dalam air tinggi.', 'Nilai BOD yang rendah menunjukkan bahwa populasi bakteri, alga, dan fungi rendah', 'BOD adalah suatu indicator yang menguji kualitas air', 'Adanya pencemaran air oleh industry menyebabkan makin tingginya nilai BOD', 'A', 'Angka BOD (<i>Biological Oxygen Demand</i>) atau KOB (Kebutuhan Oksigen Biologis) adalah jumlah oksigen yang dibutuhkan oleh mikroorganisme (bakteri) untuk menguraikan/mengoksidasi hampir semua zat organic yang terlarut dan suspendi dalam air. Bila nilai BOD suatu perairan tinggi menunjukkan bahwa perairan tersebut sudah tercemar.'),
(1, 'BIOLOGI', 142, 'A', 'Peranan gen asing dibawah ini yang merupakan keberhasilan rekayasa genetika, kecuali', 'Gen asing dimasukkan melalui plasmid terekspresi pada tumbuhan atau hewan transgenik.', 'Gen asing yang dimasukkan melalui plasmid akan berintegrasi dengan genom tanaman target.', 'Gen asing berkombinasi dengan DNA genom yang terdapat di dalam inti.', 'Gen asing turut direplikasi pada tanaman atau hewan transgenic.', 'Gen asing mempertahankan ekspresi gen target.', 'E', 'Rekayasa genetika merupakan teknik pencangkokan gen dari suatu makhluk hidup pada bahan genetik individu lain. Contoh rekayasa genetika adalah pembuatan insulin sintesis pembuatan antibodi dan pembuatan vaksin.<br/> Pada rekayasa genetika yang dipertahankan ekspresi gennya adalah gen asing bukan gen target'),
(1, 'BIOLOGI', 143, 'A', 'Organel sel pada tumbuhan berpembuluh yang memiliki DNA adalah', 'Inti saja', 'Kloroplas saja', 'Inti dan kloroplas', 'Kloroplas dan mitokondria', 'Inti, kloroplas, dan mitokondria', 'E', 'Organel sel tumbuhan yang mengandung DNA adalah :<br/> - Nukleus ( inti sel )<br/> - Mitokondria<br/> - Kloroplas'),
(1, 'BIOLOGI', 144, 'A', 'Apabila korteks adrenal memproduksi kortisol dalam jumlah besar, kondisi yang terjadi adalah', 'Produksi CRH menurun', 'Produksi ACTH meningkat', 'Aktivitas hipotalamus akan meningkat', 'Aktivitas kelenjar pituitari anterior akan meningkat', 'Sensivitas hipotalamus terhadap korsitol menurun', 'A', 'Kelenjar anak ginjal ( adrenal ) meliputi 2 bagian, yaitu :<br/> &nbsp;&nbsp;- Korteks : menghasilkan hormon aldosteron, korsitol, androgen<br/> &nbsp;&nbsp;- Medulla : menghasilkan epinefrin dan norepinefrin<br/> Jika hormone kortisol diproduksi dalam jumlah besar maka sekresi CRH dan ACTH akan menurun.'),
(1, 'BIOLOGI', 145, 'A', 'Dalam glikolisis dihasilkan 4 molekul ATP untuk setiap satu molekul glukosa. Dua molekul ATP di antaranya digunakan dalam reaksi yang bersifat', 'Siklik', 'Hidrolitik', 'Termolitik', 'Eksergonik', 'Endergonik', 'D', 'Proses glikolisis merupakan reaksi tahap pertama secara aerob ( membutuhkan oksigen ). Pada proses ini dihasilkan total 4 ATP melalui proses eksergonik, tetapi pada tahap pertama proses ini memerlukan 2 ATP yang digunakan melalui proses endergonik. Sehingga jumlah ATP akhir yang dihasilkan dalam glikolisis sebanyak 2 ATP.'),
(1, 'BIOLOGI', 146, 'A', 'Gen buta warna terpaut kromosom C dan resesif. Apabila dalam satu keluarga memiliki 2 anak laki-laki buta warna dan 2 anak perempuan normal, kemungkinan orangtuanya adalah', 'Ayah buta warna dan ibu karier', 'Ayah normal dan ibu karier', 'Ayah karier dan ibu karier', 'Ayah normal dan ibu buta warna', 'Ayah buta warna dan ibu normal', 'A', '0940a5d10f7371902422afd56a8d0e94.JPG'),
(1, 'BIOLOGI', 147, 'A', 'Stomata tumbuhan membuka pada saat', 'Volume air dalam sel penjaga tinggi', 'Volume air dalam sel penjaga sedikit', 'Ion K<sup>+</sup> dalam sel penjaga sedikit', 'CO<sub>2</sub> tanaman banyak', 'pH sel penjaga rendah', 'A', 'Stomata ( mulut daun ) merupakan celah  celah kecil bersama dengan 2 sel penutupnya terletak diantara sel  sel epidermis. Stomata berfungsi dalam pernafasan tumbuhan, peristiwa fotosintesis dan pengeluaran. Saat air masuk ke sel penjaga ( volume air dalam sel penjaga/penutup tinggi ), dinding sel menipis, stomata terbuka. Saat stomata terbuka ion K<sup>+</sup> dalam sel penjaga/penutup banyak.'),
(1, 'BIOLOGI', 148, 'A', 'Salah satu contoh program pelestarian satwa <i>in situ</i> adalah', 'Pengamanan burung kakatua dib alai karantina.', 'Pemeliharaan harimau di kebun binatang.', 'Pelepasliaran kera di hutan belantara.', 'Penangkaran buaya di peternakan.', 'Pemeliharaan unta di taman safari.', 'C', 'Pelestarian <i>in situ</i> adalah pelestarian satwa di dalam habitat aslinya. Contoh : pelestarian komodo di pulau komodo.'),
(1, 'BIOLOGI', 149, 'A', 'Harimau, badak dan gajah merupakan hewan yang mengalami spesiasi akibat', 'Radiasi adaptif', 'Isolasi geografis', 'Isolasi relung', 'Domestikasi', 'Adanya gen letal dalam populasi', 'B', 'Isolasi grafis merupakan salah satu faktor terbentuknya spesiasi makhluk hidup akibat pemisahan daratan berupa pulau dengan pembatas laut. Hewan, badak dan gajah adalah contoh hewan akibat isolasi geografis.'),
(1, 'BIOLOGI', 150, 'A', 'Tumbuhan paku dapat digunakan sebagai pupuk organic karena dapat bersimbiosis dengan alga untuk mengikat N<sub>2</sub> dari udara adalah', '<i>Marsilea Crenata</i>', '<i>Azolla Pinnata</i>', '<i>Salvinia Molesta</i>', '<i>Equisetum Debile</i>', '<i>Asplenium Nidus</i>', 'B', 'Tumbuhan paku jenis <i>Azolla Pinnata</i> dapat digunakan sebagai pupuk organik karena dapat bersimbiosis dengan <i>Anabaena Azollae</i>. Simbiosis ini membuat Azolla dapat meningkat nitrogen bebas dari atmosfer yang selanjutnya bisa dimanfatkan sebagai pupuk organik.'),
(1, 'BIOLOGI', 151, 'A', 'Pencernaan mekanik dapat terjadi di dalam rongga mulut\r\n<br/><center>SEBAB</center><br/>\r\nProses pencernaan pada organ tubuh selain rongga mulut hanya merupakan pencernaan kimiawi', '', '', '', '', '', 'C', '<b>Pernyataan BENAR</b><br/> Pencernaan makanan dibagi dua yaitu pencernaan mekanik dan pencernaan kimia/enzimatis. Pencernaan mekanik dapat terjadi dirongga mulut.<br/> <b>Alasan SALAH</b><br/> Proses pencernaan pada organ tubuh selain rongga mulut hanya merupakan pencernaan kmiawi.'),
(1, 'BIOLOGI', 152, 'A', 'Pengambilan ovarium anak ayam yang baru menetas mengakibatkan berkembangnya cirri kelamin jantan sekunder\r\n<br/>\r\n<center><b>SEBAB</b></center>\r\n<br/>\r\nHilangnya ovarium anak ayam memacu perkembangan testis', '', '', '', '', '', '', 'Jenis kelamin ayam mengikuti pola ZZ untuk jantan dan Zw untuk betina.<br/> Pengambilan ovarium anak ayam yang baru menetas mengakibatkan berkembangnya cirri kelamin jantan sekunder. Hal ini mengakibatkan pertumbuhan abnormal alat reproduksi sehingga mirip testis untuk memproduksi sperma berkromosom Z saja.<br/> <b>Pernyataan BENAR, alasan BENAR, dan ada hubungan sebab-akibat.</b>'),
(1, 'BIOLOGI', 153, 'A', 'Karakteristik bakteri metanogen adalah\r\n<br/>\r\n(1)  Aerob\r\n<br/>\r\n(2)  Mengurangi gas metan\r\n<br/>\r\n(3)  Dapat memanfatkan CH<sub>4</sub>\r\n<br/>\r\n(4)  Mampu memproduksi CO<sub>2</sub>', '', '', '', '', '', 'D', 'Karakteristik bakteri metanogen :<br/> -   Hidup di lingkungan aerob<br/> -   Mengubah CO<sub>2</sub>, H<sub>2</sub>, dan asam organic menjadi gas metana (CH<sub>4</sub>)<br/> -   Bersifat anaerob obligat (tidak membutuhkan oksigen)'),
(1, 'BIOLOGI', 154, 'A', 'Hewan berikut yang memiliki tubuh bilateral simetris adalah\r\n<br/>\r\n(1)  <i>Holathuria</i>\r\n<br/>\r\n(2)  <i>Hydra</i>\r\n<br/>\r\n(3)  <i>Loligo</i>\r\n<br/>\r\n(4)  <i>Spongia</i>', '', '', '', '', '', 'B', 'Hewan invertebrate ( hewan tidak bertulang belakang) yang memiliki cirri tubuhnya simteri bilateral (tubuhnya bila dibagi dua tetap simetris) diantaranya adalah :<br/> -   <i>Mollusca</i> : <i>Lolligo</i> (cumi  cumi) dan octopus (gurita)<br/> -   <i>Echinodermata :holothuria, ophiura</i><br/> -   <i>Arthropoda</i> : lipan dan kaki seribu<br/> -   <i>Nemathelmintes</i> : cacing tambang'),
(1, 'BIOLOGI', 155, 'A', 'Hewan yang bertulang belakang, berdarah dingin, bertubu bilateral simetris, dan bersisik adalah\r\n<br/>\r\n(1)  Ular\r\n<br/>\r\n(2)  Penyu\r\n<br/>\r\n(3)  Buaya\r\n<br/>\r\n(4)  Salamander', '', '', '', '', '', 'A', 'Vertebrata (hewan bertulang belakang) meliputi 5 kelas, yaitu : Pisces, Amfibia, Reptil, Aves, Mamalia.<br/> Hewan berdarah dingin (poikiloterm), bertubuh simetris bilateral dan bersisik merupakan cir-ciri dari vetebrata kelas Pisces dan Reptil >> Penyu, ular dan buaya'),
(2, 'EKONOMI', 157, 'A', 'Air yang sangat berguna bagi kehidupan harganya murah, sedangkan berlian yang kurang berguna bagi kehidupan harganya sangat tinggi. Keadaan tersebut dapat dijelaskan melalui konsep :', 'Paradox dalam berhemat', 'Teori konsumsi', 'Antinomi nilai', 'Nilai sekarang', 'Barang ekonomi', 'C', ''),
(2, 'EKONOMI', 158, 'A', 'Perhatikan masalah-masalah yang berkaitan dengan produksi barang :<br/>\r\n1)Dimana barang akan diproduksi<br/>\r\n2)Untuk sapa barang diproduksi<br/>\r\n3)Bagaimana cara memproduksi<br/>\r\n4)Barang atau jasa apa yang harus diproduksi<br/>\r\n5)Berapa biaya yang harus dikeluarkan untuk produksi<br/>\r\nMasalah diatas yang merupakan masalah pokok ekonomi modern adalah', '1, 2 dan 3', '1, 3 dan 4', '2, 3 dan 4', '2, 3 dan 5', '3, 4 dan 5', 'C', ''),
(2, 'EKONOMI', 159, 'A', 'Berikut ini merupakan faktor yang dapat menyebabkan pergeseran <i>Production possibility Curve,</i> yakni peningkatan', 'Harga input', 'Harga output', 'Permintaan', 'Teknologi', 'Penawaran', 'D', ''),
(2, 'EKONOMI', 160, 'A', 'Dibeli suatu barang dengan rincian sebagai berikut:<br/>\r\nHarga faktur        Rp 10.000.000<br/>\r\nPotongan tunai  Rp.      500.000<br/>\r\nDibayar kas          Rp 9. 500.000<br/>\r\nPeristiwa tersebut dicatat secara akuntansi sebagai berikut :<br/>\r\n1.  Kredit dalam kas  Rp 9.500.000<br/>\r\n2.  Debet dalam pembelian Rp. 10.000.000<br/>\r\n3.  Kredit dalam potongan tunai Rp. 500.000<br/>\r\n4.  Debet dalam potongan tunai Rp. 500.000<br/>', '', '', '', '', '', 'A', ''),
(2, 'EKONOMI', 161, 'A', 'f30d730c4931cf9e67a8913217ad3988.JPG', 'A1 dan B1', 'A1  dan B2', 'A2 dan B1', 'A3 dan B2', 'A3 dan B3', 'D', ''),
(2, 'EKONOMI', 295, 'B', 'Perhatikan kegiatan berikut ini:<br>\r\n1)Sartono memutuskan untuk tidak jajan hari ini karena uangnya lebih baik untuk membeli buku pelajaran<br>\r\n2)Toni selalu menonton sepak bola tim kesebelasan idolanya bertanding<br>\r\n3)Petani memilih menanam kedelai pada musim tanam ini dan tidak menanam jagung<br>\r\n4)Bu siti setiap hari memakan buah-buahan sesuai anjuran dokter pribadinya <br>\r\n5)Pak Cipto pergi ke kantor naik sepeda motor yang dibeli seminggu lalu<br><br>\r\nKegiatan diatas yang merupakan biaya peluang adalah...', '1 dan 2', '1 dan 3', '2 dan 3', '3 dan 4', '4 dan 5', 'B', ''),
(2, 'EKONOMI', 162, 'A', 'Diketahui fungsi konsumsi nasional C = 50 triliyun + 0,7 Y. <br/>\r\njika pendapatan nasional Rp. 900 trilyun, besarnya tabungan masyarakat adalah', 'Rp 850 trilyun', 'Rp 680 trilyun', 'Rp 220 trilyun', 'Rp 22 trilyun', 'Rp 20 trilyun', 'C', ''),
(2, 'EKONOMI', 163, 'A', 'Kemampuan suatu barang untuk memenuhi kebutuhan akan bertambah melalui<br/>\r\n1.Pemberian bentuk<br/>\r\n2.Pemindahan tempat<br/>\r\n3.Penyimpanan<br/>\r\n4.Kepemilikan', '', '', '', '', '', 'E', ''),
(2, 'EKONOMI', 164, 'A', 'Urutan berikut yang benar :', 'Pilihan  <b>></b> biaya peluang  <b>></b>  kelangkaan', 'Kelangkaan <b>></b>  biaya peluang <b>></b>  pilihan', 'Biaya  peluang  <b>></b> pilihan <b>></b>  biaya peluang', 'Kelangkaan <b>></b> pilihan <b>></b>  biaya peluang', 'Biaya peluang  <b>></b> kelangkaan <b>></b> dan pilihan', 'D', ''),
(2, 'EKONOMI', 165, 'A', 'Misalkan pasar mobil mewah dalam keadaan keseimbangan. Dampak yang akan dirasakan di pasar tersebut jika terjadi penurunan pendapatan konsumen yang drastic adalah', 'harga keseimbangan naik, kuantitas turun', 'harga dan kuantitas keseimbangan turun', 'harga dan kuantitas keseimbangan naik', 'harga kseimbangan turun, kuantitas naik', 'kuantitas keseimbangan turun', 'B', ''),
(2, 'EKONOMI', 166, 'A', '341268adf0f50e6637d4021867b01c87.JPG', '0,10', '0,11', '0,15', '0,16', '0,26', 'A', ''),
(2, 'EKONOMI', 296, 'B', 'Suatu kenyataan bahwa kebutuhan selalu lebih besar daripada sarana pemuas kebutuhan merupakan inti dari konsep...', 'Kebutuhan pokok', 'Ketergantungan', 'Kelangkaan', 'Sumber daya alam', 'Sarana pemuas kebutuhan', 'C', ''),
(2, 'EKONOMI', 297, 'B', 'Jika perencanaan dan pelaksanaan kegiatan ekonomi masyarakat ditentukan oleh produsen dan konsumen maka perekonomian mssyarakat tersebut menganut sistem ekonomi..', 'Modern', 'Bebas', 'Komando', 'Pasar', 'Tradisional', 'D', ''),
(2, 'EKONOMI', 167, 'A', 'Persoalan dasar ekonomi menyangkut<br></button>\r\n(1)   Barang apa yang diproduksi dan berapa banyak<br/>\r\n(2)   Bagaimana cara memproduksi barang<br/>\r\n(3)   Untuk siapa barang akan didistribusikan<br/>\r\n(4)   Bagaimana kualitas barang yang diproduksi', '', '', '', '', '', 'A', ''),
(2, 'EKONOMI', 168, 'A', 'Kurva isocost yang bergeser ke kanan mempunyai arti', 'Kepuasan produsen meningkat', 'Kepuasan konsumen menurun', 'Anggaran produsen meningkat', 'Output yang dihasilkan produsen bertambah', 'Biaya produksi per unit meningkat', 'C', ''),
(2, 'EKONOMI', 169, 'A', 'Faktor dibawah ini yang menyebabkan perubahan keseimbangan pasar, kecuali:', 'Perubahan pendapatan', 'Perubahan selera konsumen', 'Perubahan teknologi', 'Perubahan harga barang', 'Harga faktor produksi', 'D', ''),
(2, 'EKONOMI', 170, 'A', 'Ketika penawaran dan permintaan mengalami peningkatan namun peningkatan  penawaran lebih besar dari peningkatan permintaan, maka harga keseimbangan', 'Meningkat dan kuantitas meningkat', 'Menurun dan kuantitas meningkat', 'Meningkat dan kuantitas menurun', 'Menurun dan kuantitas menurun', 'Kuantitas tidak berubah', 'C', ''),
(2, 'EKONOMI', 171, 'A', 'Dari sebuah perusahaan diperoleh informasi bahwa pada awal periode, modal awal pemilik tercatat sebesar Rp 32,00 milyar dan asset total sebesar Rp 79,00 milyar. Selama periode berjalan asset meningkat sebesar 50%, sementara utang turun sebesar 60%. Berapakah modal pemilik pada akhir periode ?', 'Rp 43,30 milyar', 'Rp 47,00 milyar', 'Rp 99,70 milyar', 'Rp 105,00 milyar', 'Rp 109,40 milyar', 'C', ''),
(2, 'EKONOMI', 172, 'A', 'Yang menyebabkan bertambahnya modal pemilik antala lain karena :', 'Adanya pendapatan yang diperoleh dari operasi perusahaan', 'Adanya pengambilan uang atau aktiva lain oleh pemilik dari perusahaan untuk keperluan pribadinya.', 'Adanya beban berupa biaya yang dipikul oleh perusahaan dalam operasinya untuk memperoleh pendapatan', 'Adanya kesalahan penghitungan laba yag terlalu besar', 'Pemilik tidak melakukan investasi tambahan', 'A', ''),
(2, 'EKONOMI', 173, 'A', 'Faktor yang mempengaruhi elastisitas permintaan adalah<br></button>\r\n(1)  Harga barang itu sendiri<br/>\r\n(2)  Harga barang lain<br/>\r\n(3)  Pendapatan konsumen<br/>\r\n(4)  Banyak sedikitnya barang subtitusi', '', '', '', '', '', 'E', ''),
(2, 'EKONOMI', 174, 'A', 'Di daerah perkotaan yang  padat penduduknya harga tanah menjadi sangat mahal. Untuk mengatasi mahalnya harga tanah tersebut maka cara yang paling tepat dilakukan adalah', 'Menggalangkan program transmigrasi', 'Membangun rumah susun didaerah perkotaan', 'Membatasi urbanisasi', 'Merelokasi pabrik ke luar kota', 'Membangun rumah sangat sederhana bagi penduduk miskin', 'C', ''),
(2, 'EKONOMI', 175, 'A', '46cc7018317a458ead2b309ec8199d06.JPG', 'A1, B1 dan C1', 'A1, B2 dan C2', 'A2, B1 dan C2', 'A3, B1 dan C1', 'A3, B3 dan C3', 'A', ''),
(2, 'EKONOMI', 298, 'B', 'Berikut kegiatan RTP dan RTK :<br>\r\n1)Menjual barang dan jasa hasil produksi<br>\r\n2)Menyediakan faktor-faktor produksi<br>\r\n3)Membayar pajak kepada pemerintah<br>\r\n4)Menerima balas jasa atas penyerahan faktor produksi<br>\r\n5)Membayar balas jasa atas pemakaian faktor produksi<br><br>\r\nPeranan rumah tangga konsumen dalam kegiatan ekonomi yaitu...', '1, 2 dan 3', '1, 3 dan 4', '2, 3 dan 4', '2, 4 dan 5', '3, 4 dan 5', 'C', ''),
(2, 'EKONOMI', 176, 'A', 'Perhatikan beberapa kebijakan yang dilakukan oleh Bank Indonesia.<br/>\r\n1)   Bank Indonesia mengeluarkan SBI dengan pecahan Rp10.000.000,00  yang akan dilempar ke pasar uang dalam bulan tersebut.<br/>\r\n2)   Dalam upaya menggairahkan dunia usaha telah diturunkan suku bunga bank sebesar 1,75%<br/>\r\n3)   Dalam rangka menjaga tingkat likuidtas dunia perbankan didalam negeri Bank Indonesia menaikkan cash.<br/>\r\n4)   Bank Indonesia menetapkan akan membeli kembali SBI pecahan Rp500.000.000,00 yang telah beredar di masyarakat selama setahun.<br/>\r\n5)   Bank Indonesia telah menetapkan menaikkan suku bunga dari 7% menjadi 7,5%..<br/>\r\nKebijakan diatas yang dapat mengurangi jumlah uang yang beredar di masyarakat adalah', '1, 2 dan 3', '1, 3 dan 5', '2, 3 dan 4', '2, 4 dan 5', '3, 4 dan 5', 'B', ''),
(2, 'EKONOMI', 177, 'A', 'Pada bulan Juni 2010 indek harga konsumen sebesar 209 dan indek harga konsumen pada bulan Mei tahun yang sama sebesar 199.<br/>\r\n Berdasarkan data diatas maka besarnya laju inflasi pada bulan Juni 2010 adalah', '2,50%', '3.00%', '3,50%', '3,88%', '5,00%', 'E', ''),
(2, 'EKONOMI', 178, 'A', 'Dalam pasar persaingan sempurna proses terbentuknya pasar tenaga kerja adalah..', 'Tenaga kerja dan pengusaha sama-sama tergabung dalam organisasinya masing-masing', 'Permintaan tenaga kerja dilakukan secara kolektif oleh perusahaan yang tergabung dalam serikat pengusaha.', 'Penawaran tenaga kerja tidak secara induvidu, tetapi tergabung dalam organisasi pekerja.', 'Tenaga kerja bebas melakukan penawaran dan tidak terikat oleh organisasi pekerja.', 'Perekrutan tenaga kerja dilakukan dengan mediator pemerintahan ehingga tidak ada yang dirugikan dan diuntungkan', 'D', ''),
(2, 'EKONOMI', 179, 'A', 'Sumber-sumber penerimaan pemerintah pusat dan pemerintah daerah diperoleh dari :<br/>\r\n1)   Pajak kendaraan bermotor<br/>\r\n2)   Pajak penghasilan<br/>\r\n3)   Pajak tontonan<br/>\r\n4)   Pajak pertambahan nilai<br/>\r\n5)   Pajak reklame<br/>\r\n6)   Pajak bumi dan bangunan<br/>\r\nJenis-jenis pajak diatas yang termasuk pajak sebagai penerimaan pemerintah pusat adalah', '1, 2 dan 3', '1, 3 dan 5', '2, 4 dan 6', '3, 4 dan 5', '4, 5 dan 6', 'C', ''),
(2, 'EKONOMI', 180, 'A', 'Faktor penyebab barang impor mahal adalah..', 'Dumping', 'Subsidi', 'Kuota impor', 'Larang impor', 'Tarif bea cukai', 'E', ''),
(2, 'EKONOMI', 181, 'A', 'Data yang diperlukan dalam perhitungan pendapatan nasional :<br/>\r\n\r\n- Sewa tanah                           Rp 2.000.000,00<br/>\r\n- Investasi                                 Rp 1.000.000,00<br/>\r\n- Laba usaha                            Rp 100.000,00<br/>\r\n- Belanja pemerintah         Rp 500.000,00<br/>\r\n- Ekspor                                     Rp 750.000,00<br/>\r\n- Upah tenaga kerja            Rp 750.000,00<br/>\r\n- Impor                                       Rp 500.000,00<br/>\r\n- Bunga modal                       Rp 400.000,00<br/>\r\n- Konsumsi masyarakat   Rp 2.000.000,00<br/>\r\n<br/>\r\nBerdasarkan data diatas maka besarnya pendapatan nasional dengan pendekatan pengeluaran adalah', 'Rp 500.000,00', 'Rp 2.750.000,00', 'Rp 3.250.000,00', 'Rp 3.500.000,00', 'Rp 3.750.000,00', 'E', ''),
(2, 'GEOGRAFI', 182, 'A', 'Mengapa pohon jati dikenal sebagai tumbuhan khas daerah tropis?', 'Merupakan tumbuhan asli daerah tropis', 'Dapat beradaptasi didaerah tropis', 'Banyak ditemukan didaerah tropis', 'Hanya dapat hidup didaerah tropis', 'Pernah dibudidayakan didaerah tropis', 'D', ''),
(2, 'GEOGRAFI', 183, 'A', 'Megapa penambangan material didaerah rawa/gambut untuk bahan bakar sangat tidak dianjurkan ?', 'Merusak ekosistem rawa', 'Memicu kebakaran lahan', 'Mengganggu siklus hidrologi', 'Menimbulkan kerusakan hutan', 'Meningkatkan pencearan udara', 'B', ''),
(1, 'KIMIA', 184, 'A', 'Sebanyak 100 mL larutan NaOH 0,1 M dicampur dengan 100 mL larutan asam sitrat H<sub>3</sub>C<sub>6</sub>H<sub>5</sub>O<sub>7</sub>  0,1 M. Setelah terjadi kesetimbangan, ion-ion berikut yang mempunyai konsentrasi paling besar adalah', 'H<sub>2</sub>C<sub>6</sub>H<sub>5</sub>O<sub>7</sub><sup>-</sup>', 'HC<sub>6</sub>H<sub>5</sub>O<sub>7</sub><sup>2-</sub>', 'C<sub>6</sub>H<sub>5</sub>O<sub>7</sub><sup>3-</sup>', 'OH<sup>-</sup>', 'H<sup>+</sup>', 'A', 'Setelah terjadi kesetimbangan, ion yang memiliki konsentrasi paling besar adalah ion H<sub>2</sub>C<sub>6</sub>H<sub>5</sub>O<sub>7</sub><sup>-</sup>  yang berasal dari hidrolisis ion H<sub>3</sub>C<sub>6</sub>H<sub>5</sub>O<sub>7</sub><sup>-</sup> membentuk H<sub>2</sub>C<sub>6</sub>H<sub>5</sub>O<sub>7</sub><sup>-</sup>  dan ion H<sup>+</sup>'),
(2, 'GEOGRAFI', 185, 'A', 'Mengapa pemanfaatan lahan dengan pola tumpang sari lebih memberikan jaminan ketahanan pangan bagi petani?', 'Pemanfaatan lahan lebih efisien', 'Harga jual hasil pertanian lebih tinggi', 'Biaya produksi pertanian lebih rendah', 'Menghasilkan komoditas beraneka ragam', 'Ketersediaan hasil pertanian lebih terjaga', 'D', ''),
(2, 'GEOGRAFI', 186, 'A', 'Cara efisien untuk mengolah air didaerah karst yang banyak mengandung kalsium (Ca) menjadi air minum adalah<br/>\r\n(1)  Direaksikan<br/>\r\n(2)  Disaring<br/>\r\n(3)  Disuling<br/>\r\n(4)  Direbus', '', '', '', '', '', 'D', ''),
(2, 'GEOGRAFI', 187, 'A', 'Sebagian besar kota di Indonesia berada didaerah daratan sehingga kebutuhan air domestic dipenuhi dari air tanah<br/>\r\n<center><b>SEBAB</b></center>\r\n<br/>\r\nAir tanah didaerah dapat diperoleh secara mudah', '', '', '', '', '', 'A', ''),
(2, 'GEOGRAFI', 188, 'A', 'Kenaikan suhu global telah berdampak pada kenaikan permukaan air laut diseluruh muka bumi<br/>\r\n<center><b>SEBAB</b></center><br/>\r\nPeningkatan suhu bumi terjadi sebagai akibat tutupan lapisan es di kutu utara dan selatan berkurang', '', '', '', '', '', 'A', ''),
(2, 'GEOGRAFI', 189, 'A', 'Pola keruangan pemukiman desa di Pulau Kalimantan adalah', 'Memusat didaerah pertanian', 'Menyebar didaerah pertanian', 'Memanjang mengikuti sungai', 'Melingkat mengikuti danau', 'Memanjang mengikuti garis pantai', 'C', ''),
(2, 'GEOGRAFI', 190, 'A', 'Dataran alluvial sangat potensial untuk pengembangan pertanian dan pemukiman karena didukung oleh banyak faktor, yaitu<br/>\r\n(1)  Morfologi datar dan daya dukung lahan tinggi<br/>\r\n(2)  Tersusun oleh tanah alluvial yang subur<br/>\r\n(3)  Ketersediaan air permukiman yang melimpah<br/>\r\n(4)  Adanya akuifer yang potensial', '', '', '', '', '', 'E', ''),
(2, 'GEOGRAFI', 191, 'A', 'Upaya yang harus dilakukan untuk mengendalikan pertumbuhan penduduk Indonesia yang masih tetap tinggi adalah<br></button>\r\n(1)  Meningkatkan usia wajib belajar<br/>\r\n(2)  Menekan angka kematian ibu dan bayi<br/>\r\n(3)  Mendorong partisipasi wanita di ranah public<br/>\r\n(4)  Meningkatkan tunjangan anak yang lahir hidup', '', '', '', '', '', 'B', ''),
(2, 'GEOGRAFI', 192, 'A', 'Semakin jauh dari central business district kegiatan ekonomi berkurang namun pemukiman bertambah, merupakan esensi dari teori', 'Sektoral', 'Konsentris', 'Inti berganda', 'Pusat pertumbuhan', 'Titik henti', 'B', ''),
(2, 'GEOGRAFI', 193, 'A', 'Dampak negative yang timbul akibat revolusi hijau di sector pertanian adalah', 'Peningkatan urbanisasi dan ekstensifikasi', 'Penurunan jumlah petani dan lapangan kerja', 'Penurunan produksi dan pengangguran', 'Peningkatan transmigrasi dan jumlah petani', 'Penurunan jumah petani dan intensifikasi', 'B', ''),
(2, 'GEOGRAFI', 194, 'A', 'Makna yang terkandung dalam pernyataan menjaga keberlangsungan dan kelestarian sumber daya alam adalah<br/>\r\n(1)  Perlindungan terhadap sistem penyangga kehidupan<br/>\r\n(2)  Pemeliharaan keanekaragaman sumber daya alam ekosistem<br/>\r\n(3)  Pemanfaatan secara lestari sumber daya alam dan ekosistemnya<br/>\r\n(4)  Pemanfaatan sumber daya alam sebanyak potensi dan cadangannya', '', '', '', '', '', 'A', ''),
(2, 'GEOGRAFI', 195, 'A', 'Permasalahan social yang timbul akibat tingginya kepadatan penduduk di kota adalah<br/>\r\n(1)  Tingginya tingkat kejahatan<br/> \r\n(2)  Pelayanan kesehatan buruk<br/>\r\n(3)  Kemiskinan semakin meluas<br/>\r\n(4)  Penurunan kesempatan belajar', '', '', '', '', '', 'B', ''),
(2, 'GEOGRAFI', 196, 'A', 'Apa tujuan pemanfaatan citra multitemporal dalam aplikasi pengindraan jauh pada fenomoensa geografis?', 'Menganalisis perubahan objek muka bumi', 'Membedakan waktu perekaman objek bumi', 'Mengetahui jeda waktu perekaman objek bumi', 'Mengidentifikasi periode perekaman objek bumi', 'Menentukan karakteristik objek pada saat tetentu', 'A', ''),
(2, 'GEOGRAFI', 197, 'A', 'Mengapa banguna yang terletak dekat jalur sesar mengalami kerusakan parah pada saat terjadi gempa bumi?', 'Pelepasan energy gempa menjalar cepat', 'Intensitas gempa bumi paling tinggi', 'Kekuatan gempa terpusan dijalur sesar', 'Aliran energy gempa bumi paling tinggi', 'Struktur batuan umumnya paling lunak', 'C', ''),
(2, 'GEOGRAFI', 198, 'A', 'Bagaimana dampak local maupun global kelangkaan air pada sector pertanian?', 'Roda perekonomian petani terhambat', 'Bahaya kelaparan dan kemiskinan', 'Wabah penyakit tanaman meluas', 'Kesinambungan ketahanan pangan', 'Konflik antarpetani dan alam penggunaan air', 'B', ''),
(2, '', 199, 'A', 'Daerah produsen kopi di dunia menyebar di kawasan tropis, termasuk Amerika Selatan, Amerika Tengah dan Asia Tenggara.<br/>\r\n<center><b>SEBAB</b></center><br/>\r\nPenyebaran tanaman kopi sangat tergantung pada iklim, ketinggian dan jenis tanah', '', '', '', '', '', 'A', ''),
(2, 'GEOGRAFI', 200, 'A', 'Jika sebuah peta berskala 1:10.000 diperkecil menjadi skala 1:50.000, pernyataan yang benar adalah', 'Jarak antar kontur dalam peta bertambah lebar', 'Simbol-simbol kartografis semakin banyak', 'Informasi yang disajikan semakin detail', 'Informasi peta berubah, tetapi jarak peta tetap', 'Jarak di dalam peta menjadi lebih pendek', 'C', ''),
(2, 'GEOGRAFI', 201, 'A', 'Pada relief bumi berupa kompleks lipatan atau patahan, pola sungai cenderung', 'Pinnate', 'Trellis', 'Dendritic', 'Rectangular', 'Annular', 'C', ''),
(2, 'GEOGRAFI', 202, 'A', 'Danau Batur di Bali dan Danau Kelimutu di Flores, NIT merupakan contoh danau yang terbentuk karena peristiwa', 'Tektonik', 'Vulkanik', 'Pelarutan', 'Patahan', 'Lipatan', 'B', ''),
(2, 'GEOGRAFI', 203, 'A', 'Lapisa ozon di Startosfer memiliki peran sangat penting bagi manusia, yaitu..<br/>\r\n(1)  Berlangsungnya proses cuaca<br/>\r\n(2)  Penyaring sinar matahari<br/>\r\n(3)  Tempat akumulasi polutan<br/>\r\n(4)  Penyerapan sinar ultraviolet', '', '', '', '', '', 'C', ''),
(2, 'GEOGRAFI', 204, 'A', 'Di selatan ekuator, curah hujan Indonesia bagian barat lebih tinggi dibandingkan dengan bagian timur karena', 'Banyak siklon tropis timur', 'Angin muson dari arah barat', 'Banyak terjadi hujan konveksi', 'Angina pasar tenggara lembab', 'Banyak terjadi hujan orografis', 'B', ''),
(2, 'GEOGRAFI', 205, 'A', 'Mengapa para nelayan memanfaatkan angin darat untuk berlayar mencari ikan', 'Hembusan angin darat setiap hari relative stabil', 'Arah angin memberi petunjuk konsentrasi ikan', 'Kekuatan angin mampu membawa perahu kelaut lepas', 'Tiupan angin darat berlangsung sepanjang malam', 'Kecepatan angina darat tidak memicu gelombang besar', 'C', ''),
(2, 'GEOGRAFI', 206, 'A', 'Makna yang terkandung dalam pernyataan menjaga keberlangsungan dan kelestarian sumber daya alam adalah<br/>\r\n(1)  Perlindungan terhadap sistem penyangga kehidupan<br/>\r\n(2)  Pemeliharaan keanekaragaman sumber daya alam dan ekosistem<br/>\r\n(3)  Pemanfaatan secara lestari sumber daya alam dan ekosistemnya<br/>\r\n(4)  Pemanfaatan sumber daya alam sebanyak potensi dan cadangannya', '', '', '', '', '', 'A', ''),
(2, 'GEOGRAFI', 207, 'A', 'Apa tujuan pemanfaatan citra multitemporal dalam aplikasi pengindraan jauh pada fenomena geografis?', 'Menganalisis perubahan objek muka bumi', 'Membedakan waktu perekaman objek bumi', 'Mengetahui jeda waktu perekaman objek bumi', 'Mengidentifikasi periode perekaman objek bumi', 'Menentukan karakteristik objek pada saat tertentu', 'A', ''),
(2, 'SOSIOLOGI', 208, 'A', 'Sedari lahir seorang induvidu telah diajari oleh orang tuanya tentang tata cara berperilaku yang baik. Proses sosialisasi yang berlangsung ini bertujuan untuk', 'Membentuk perilaku yang devisiasi', 'Meningkatkan kebutuhan pokok anak', 'Membantu memenuhi kebutuhan anak', 'Mempercepat pertumbuhan biologi', 'Membentuk kepribadian yang sempurna', 'E', ''),
(2, 'SOSIOLOGI', 209, 'A', 'Dampak negative dari pertumbuhan ekonomi dan modernisasi yang mengubah tatanan nilai dan pola hidup yang menjadi secular dan materialistic adalah', 'Menguatnya nilai-nilai moral dalam pergaulan', 'Menekankan pada efisiensi penggunaan sumber daya', 'Cara hidup yang lebih baik diutamakan', 'Hanya mementingkan kehidupan dunia', 'Masa depan dianggap lebih penting dari masa lalu', 'D', ''),
(2, 'SOSIOLOGI', 210, 'A', 'Perilaku seksual diluar nikah yang dilakukan kaum remaja yang bertempat tinggal di lingungkunga pelacuran, merupakan penyimpangan social sebagian akibat..', 'Proses sosialisasi subkebudayaan menyimpang', 'Norma-norma yang ada di masyarakat tidak berfungsi', 'Lemahnya pengawasan aparat pemerintah', 'Proses modernisasi yang cepat dalam masyarakat', 'Kurangnya bimbingan dan perhatian orang tua', 'A', ''),
(2, 'SOSIOLOGI', 211, 'A', 'Beberapa anggota yang terlibat tindak kkn dikenakan sanksi berupa pemecatan, sehingga anggota dpr tersebut telah mengalami mobilitas social.', 'Antara generasi vertical climbing', 'Antara generasivertikal sinking', 'Intra generasi vertical sinking', 'Intra generasi vertical climbing', 'Intra generasi horizontal', 'C', ''),
(2, 'SOSIOLOGI', 212, 'A', 'Sekelompok manusia yang disatukan atas dasar ikatan profesi yang sama hubungan sosialnya bersifat konstraktual dan memiliki kepentingan atau tujuan yang bersifat sementara adalah', 'Perhimpunan', 'Perserikatan', 'Paguyuban', 'Gemeinchaft', 'Gesselschaft', 'A', ''),
(2, 'SOSIOLOGI', 213, 'A', 'Sebagai ilmu pengetahuan, sifat yang harus melekat dalam kajian sosiologi adalah', 'Normative, khusus, dan bebas nilai', 'Interaktif, subjektif, dan evaluative', 'Kumulatif, teoritis, dan empiris', 'Kritis, analitis, dan empiris', 'Komunikatif, sugestif, dan menyenangkan', 'C', ''),
(2, 'SOSIOLOGI', 214, 'A', 'Peryataan berikut ini merupakan fungsi nyata sekolah yang diharapkan oleh masyarakat, kecuali..', 'Mentransmisikan pengetahuan', 'Mengajarkan peran-peran social', 'Mendorog tumbuhnya inovasi', 'Mempertahankan perbedaan kelas social', 'Mengajarkan keterampil social', 'D', ''),
(2, 'SOSIOLOGI', 215, 'A', 'Mobilitas social akan sulit dilakukan pada masyarakat dengan sistem pelapisan social yang tertutup, seperti<br/>\r\n(1)  Industry<br/>\r\n(2)  Oligarkhi<br/>\r\n(3)  Demokrasi<br/>\r\n(4)  Apartheid', '', '', '', '', '', 'C', ''),
(2, 'SOSIOLOGI', 216, 'A', 'Tawuran antarpelajar, alkohlisme, kekerasan seksual, adalah beberapa contoh penyimpangan yang akhir-akhir ini sering kita dengar menimpa para generasi muda.<br/> \r\nFenomena tersebut dapat disebabkan<br/>\r\n(1)   Pelampiasan kekecewaan terhadap keluarga yang mengalami disharmonis<br/>\r\n(2)   Ketidakmampuan memilih nilai-nilai yang seharusnya dijadikan pedoman bertingkah laku<br/>\r\n(3)   Proses sosialisasi bersama sub kebudayaan menyimpang<br/>\r\n(4)   Pola sosialisasi orangtua yang bersifat persuasive sekaligus represif', '', '', '', '', '', 'A', ''),
(2, 'SOSIOLOGI', 217, 'A', 'Modernisasi yang melanda Indonesia sebagai Negara yang berkembang, sangat mempengaruhi proses perubahan social dalam berbagai aspek. Dampak positif yang dapat dirasakan adalah<br/>\r\n(1)   Tingginya angka putus sekolah<br/>\r\n(2)   Meningkatnya jumlah penduduk miskin<br/>\r\n(3)   Semakin meningkatnya gaya hidup glamor sebagai akibat paham sekularisme<br/>\r\n(4)   Pekerjaan manusia yang semakin dipermudah oleh berbagai teknologi canggih', '', '', '', '', '', 'D', ''),
(2, 'SOSIOLOGI', 218, 'A', 'Orang tua yang bijaksana tidak akan memberi contoh yang negative pada anak-anaknya, hal ini terkait dengan fungsi..', 'Reproduksi', 'Sosialisasi', 'Proteksi', 'Ekonomi', 'Afeksi', 'B', ''),
(2, 'SOSIOLOGI', 219, 'A', 'Sekolah menjadi tempat yang paling dipercaya untuk melaksanakan fungsi pendidikan. Tujuan dari pembentukan lembaga pendidikan adalah', 'Menyediakan sarana untuk melakukan proses penguatan suatu keyakinan yang diakui', 'Mempersiapkan anak untuk mengembangkan bakat dan keterampilan guna mencari nafkah', 'Membantu seseorang agar mampu membentukk keluarga harmonis', 'Mempertahankan norma dan nilai social melalui pembentukan suatu kepribadian yang ideal', 'Mengurangi tanggung jawab orangtua dalam proses pendidikan anak di lingkungan keluarga', 'B', ''),
(2, 'SOSIOLOGI', 220, 'A', 'Peneliti ingin mengetahui sepak terjang perusahaan <i>illegal loggin</i>. Dalam mengumpulkan data, peneliti mendampingi pimpinan dan karyawan perusahaan  sebagai pihak yang mengetahui proses terjadinya illegal logging tersebut. Teknik pengambilan sampling dalam penelitian tersebut adalah..', 'Random', 'Cluster', 'Strata', 'Incendental', 'Bertujuan', '', ''),
(2, 'SOSIOLOGI', 221, 'A', '14.Lembaga politik lahir dari serangkaian norma yang berkaitan dengan pemenuhan kebutuhan akan keteraturan pemerintahan.<br/>\r\n<center><b>SEBAB</b></center><br/>\r\nPada hakekatnya tujuan dari lembaga politih adalah untuk menciptakan keteraturan social dan untuk menegakkan keadilan.', '', '', '', '', '', 'A', '');
INSERT INTO `soal` (`kode_jurusan`, `pelajaran`, `id_soal`, `paket`, `soal`, `opsi_a`, `opsi_b`, `opsi_c`, `opsi_d`, `opsi_e`, `jawaban`, `pembahasan`) VALUES
(2, 'SOSIOLOGI', 222, 'A', 'Hubungan social timbal balik yang saling mempengaruhi disebut..', 'Kausal', 'Simultan', 'Resiprokal', 'Periodic', 'Diadik', 'C', ''),
(2, 'SOSIOLOGI', 223, 'A', 'Kegunaan sosiologi yang utama dalam masyarakat multikultur adalah..', 'Pemahaman terhadap pola-pola tingkah laku manusia yang bersifat individu dalam kelompok', 'Kemampuan untuk mempertimbangkan berbagai fenomena budaya yang timbul terlepas dari prasangka subjektif', 'Kemampuan melihat kecenderungan pola tingkah laku individu sebagai anggota masyarakat', 'Kemampuan meramalkan tingkah laku individu terhadap hal yang akan terjadi dmasyarakat', 'Memahami struktur social dalam masyarakat yang saling mempengaruhi dan menentukan tingkah laku social.', 'E', ''),
(2, 'SOSIOLOGI', 224, 'A', 'Pak Tias aktif disalah satu pagayuban keluarga Jawa Barat di Jakarta. Partisipasi pak Tias di kelompok pagayuban tersebut menunjukkan hubungan kelompok social sesuai pendapat Ferdinand Tonnies sebagai', 'Gemeinschaft of place', 'Gesellschaft of mind', 'Gesellschaft of place', 'Gemeinschaft of mine', 'Gesellschaft by blood', 'A', ''),
(2, 'SOSIOLOGI', 225, 'A', 'Sifat hubungan patembayan dapat ditemukan dalam masyarakat', 'Pedesaan', 'Tradisional', 'Perkotaan', 'Terpencil', 'Miskin', 'C', ''),
(2, 'SOSIOLOGI', 226, 'A', 'Kelompok media social, seperti <i>Facebook, Twitter,</i> dan <i>Line</i> , merupakan suatu masyarakat', 'Dengan status berbeda', 'Di dunia maya yang tidak nyata', 'Yang mempunyai interaksi social yang intens', 'Yang tidak mempunyai ikata komunitas lingkungan kebudayaan', 'Yang menonjolkan kelasnya', 'B', ''),
(2, 'SOSIOLOGI', 227, 'A', 'Kebudayaan memiliki sifat supraorganik yang berarti', 'Kebudayaan terdiri dari unsur material dan non material', 'Kebudayaan selalu ada dalam setiap masyarakat', 'Kebudayaan itu tetap dan statis', 'Kebudayaan memiliki manfat bagi masyarakat', 'Kebudayaan tetap hidup meskipun individu yang menjadi pendukungnya silih berganti karena kelahiran dan kematian', 'E', ''),
(2, 'SOSIOLOGI', 228, 'A', 'Perubahan social yang disebabkan oleh karena faktor yang berasal dari dalam masyarakat disebut', 'Contact change', 'Immanent change', 'Transitional change', 'Material change', 'Functional change', 'B', ''),
(2, 'SOSIOLOGI', 229, 'A', 'Tingkat pendidikan dan akses teknologi mempengaruhi kecepatan perubaha suatu masyarakat.<br/>\r\n<center><b>SEBAB</b></center><br/>\r\nPendidikan dan teknologi itu dapat digunakan untuk membantu meningkatkan kemampuan masyarakat dalam memanfaatkan potensi alam disekitarnya.', '', '', '', '', '', 'A', ''),
(2, 'SOSIOLOGI', 230, 'A', 'Seseorang dapat mengalami perubahan status social yang lebih baik daripada sebelumnya karena..<br/>\r\n(1)   Pendidikan<br/>\r\n(2)   Prestasi<br/>\r\n(3)   Hasil kerja keras<br/>\r\n(4)   Keturunan', '', '', '', '', '', 'A', ''),
(2, 'SOSIOLOGI', 231, 'A', 'Faktor yang dapat menyebabkan terjadinya alinasi adalah<br/>\r\n(1)   Norma social yang melemah<br/>\r\n(2)   Kehilangan kekuasaan<br/>\r\n(3)   Kehilangan makna hidup<br/>\r\n(4)   Kehilangan kekuatan', '', '', '', '', '', 'B', ''),
(2, 'SEJARAH', 232, 'A', 'Berikut ini merupakan penyebab terjadinya reformasi gereja di Eropa pada abad ke-16 dan ke-17, kecuali', 'Kekuasaan absolut yang diajarkan Paus', 'Perselisihan paham dan pandangan dikalangan umat.', 'Kurang cakapnya para pemimpin agama', 'Penjualan surat pengampunan dosa', 'Turut campurnya raja terhadap kehidupan beragama', 'E', ''),
(2, 'SEJARAH', 233, 'A', 'Organisasi pergerakan kemerdekaan yang didirikan oleh Muhammad Hatta di negeri Belanda adalah..', 'Perhimpunan Pelajar Indonesia Belanda (PPIB)', 'Perhimpunan Pelajar Indonesia (PPI)', 'Perhimpunan Indonesia (PI)', 'Perhimpunan Pelajar dan Mahasiswa Indonesia (PPMI)', 'Indische Partij (IP)', 'C', ''),
(2, 'SEJARAH', 234, 'A', 'Dalam kongres pertama Budi Utomo tanggal 5 oktober 1908 dirumuskan tujuan organisasi tersebut, kecuali', 'Memajukan bidang pertanian', 'Memajuakn bidang peternakan dan perdagangan', 'Memajukan bidang teknik dan industry', 'Memajukan kesenian', 'Memajukan bidang kepemudaan', 'E', ''),
(2, 'SEJARAH', 235, 'A', 'VOC mampu menguasai perdagangan cengkeh di Kepulauan Maluku Utara Karena', 'Mengadakan kontrak perjanjian dengan penguasa lokal.', 'Menerapkan politik adu domba', 'Melakukan penguasaan territorial', 'Melakukan penaklukan terhadap penguasa lokal yang melawan', 'Menerapkan kebijakan perdagangan dengan cara damai.', 'A', ''),
(2, 'SEJARAH', 236, 'A', 'Dalam masyarakat tradisional Indonesia yang belum mengenal tulisan, kisah sejarah yang telah menjadi dua atau tiga generasi sebelumnya disampaikan melalui..', 'Babad', 'Kakawin', 'Tradisi lisan', 'Mitos', 'Hikayat', 'C', ''),
(2, 'SEJARAH', 237, 'A', 'Perjanjian damai antara pemerintah Indonesia dan gerakan Aceh Merdeka tahun 2005 ditandatangani di', 'Aceh', 'Jakarta', 'Swiss', 'Finlandia', 'Austria', 'D', ''),
(2, 'SEJARAH', 238, 'A', 'Di Pulau Nias terdapat peninggalan bangunan yang tebuat dari batu, seperti dolmen dari patung, sementara itu di Nagan Mahat Propinsi Sumatera Barat terdapat Menhir, peninggalan sejarah di dua tempat tersebut dibuat pada sejarah di dua tempat tersebut dibuat pada masa', 'Paleolithikum', 'Mezolithikum', 'Neolithikum', 'Megalithikum', 'Pleistosen', 'D', ''),
(2, 'SEJARAH', 239, 'A', 'Walaupun telah membentuk BPUPKI dan PPKI, sebagai pihak yang mengalami kekalahan dalam Perang Dunia II, Jepang tidak berhak memberikan Kemerdekaan kepada Indonesia.<br>\r\n<center><b>SEBAB</b></center><br>\r\nProklamasi Kemerdekaan Indonesia dibacakan Soekarno dan Muhammad Hatta setelah Jepang menyerah kepada sekutu.', '', '', '', '', '', 'B', ''),
(2, 'SEJARAH', 240, 'A', 'Sultan Hasanuddin menandatangani Perjanjian Bongaya dengan VOC pada tahun 1667<br>\r\n<center><b>SEBAB</b></center><br>\r\nDalam perang melawan VOC di Makassar, Sultan Hasanuddin dibantu oleh pasukan Bone dibawah pimpinan Aru Palakka.', '', '', '', '', '', 'C', ''),
(2, 'SEJARAH', 241, 'A', 'Perang dingin antara Amerika Serikat dan Uni Soviet pasca-Perang Dunia II mengakibatkan<br>\r\n(1)   Beberapa Negara berhasil melepaskan diri dari penjajahan asing<br>\r\n(2)   Dunia terpolarisasi menjadi dua kubu ideology, yaitu liberalism dan komunisme<br>\r\n(3)   Semua Negara meningkatkan kemampuan angkatan perang<br>\r\n(4)   Pembentukan NATO dan Pakta Warsawa<', '', '', '', '', '', 'C', ''),
(2, 'SEJARAH', 242, 'A', 'Konferensi Meja Bundar (KMB) yang dilaksanakan di Den Haag, negeri Belanda pada tahun 1949 menghasilkan keputusan penting, antara lain..<br>\r\n(1) Belanda harus menarik seluruh pasukan di wilayah-wilayah yang dikuasai oleh Republik Indonesia<br>\r\n(2) Akan dibentuk pemerintah Republik Indonesia Serikat (RIS)<br>\r\n(3) Belanda akan menyerahkan kedaulatan kepada pemerintah Republik Indonesia (RIS)<br>\r\n(4) Ibukota Republik Indonesia Serikat dikembalikan ke Jakarta', '', '', '', '', '', 'A', ''),
(2, 'SEJARAH', 243, 'A', 'Pada masa logam awal, perahu digambarkan sebagai sarana untuk mengantar roh ke dunia arwah yang terlihat pada..<br>\r\n(1)  Gambar perahu yang terdapat pada dinding relief di Candi Borobudur<br>\r\n(2)  Pola hias nekara, yaitu bejana besar terbuat dari logam perunggu<br>\r\n(3)  Perahu kuno yang ditemukan di situs kerajaan Sriwijaya bertarikh abad ke 7-14<br>\r\n(4)  Perahu tradisional berupa lesung yang dikubur bersama orang yang meninggal', '', '', '', '', '', 'C', ''),
(2, 'SEJARAH', 244, 'A', 'Alasan stupa Borobudur diakui sebagai warisan dunia adalah', 'Struktur bangunan yang berasal dari batu andesit', 'Letak bangunan berada di tempat yang tinggi', 'Struktur bangunannya bertingkat-tingkat', 'Posisi stupa ada pada setiap relung bangunan', 'Adanya perpaduan pengaruh asing (Buddha) dengan budaya asli', 'E', ''),
(2, 'SEJARAH', 245, 'A', 'Tujuan perjuangan diplomasi yang dilakukan oleh bangsa Indonesia pada masa awal kemerdekaan adalah...', 'Bekerja sama dengan Negara-negara lain', 'Meminta dukungan kepada Negara-negara lain', 'Meminta pengakuan kedaulatan atas kemerdekaan Indonesia', 'Meminta bantuan peralatan perang melawan Belanda', 'Meminta bantuan ekonomi Negara-negara maju', 'C', ''),
(2, 'SEJARAH', 246, 'A', 'Penduduk di kawasan Nusantara pada zaman Batu Muda cenderung bertempat tinggal di dekat sungai, tepian danau, dan wilayah pesisir.<br>\r\n<center><b>SEBAB</b></center><br>\r\nPenduduk di kawasan Nusantara pada zaman itu merupakan masyarakat bahari yang tidak dapat dipisahkan dari wilayah perairan.', '', '', '', '', '', 'A', ''),
(1, 'MATEMATIKA IPA', 247, 'B', '9a2eca002b2620882f5faad32c79be47.JPG', 'a7ac3e2297cc76a3d999ee42321edd9b.JPG', '89445e62a0d81f5db23f16dfcaf9e430.JPG', 'b1cccea2d4679c846eee3ba6f9cc5291.JPG', '0a2fc757c388bb27160c72006c9ad37e.JPG', 'ca588ddf57d970e5149907c8d4fd9d53.JPG', 'B', '2d9d985dcdca4a88b9987f209d41def2.JPG'),
(1, 'MATEMATIKA IPA', 248, 'B', 'Nilai (sin195 - sin75)<sup>2</sup>', '0', '1daa2037728323ac8abdbe8625470284.JPG', 'b642907e3ceb6658e0727c93b248e374.JPG', '935b29fac49256ef3d7336c7a574ff97.JPG', '63bfdee70d617d33b1048ec3d1230354.JPG', 'E', '22cd900fb44bc58c5d8eadc442b1960f.JPG'),
(1, 'MATEMATIKA IPA', 249, 'B', '33db35c405b4975a75e858ac588f0c0f.JPG', '0', '350709b25092995214df502599872201.JPG', '1', '54ae883a59b1bc34587a7d8c3b948d61.JPG', 'a7fc04db00d7f78d60cdcb13a01c1627.JPG', 'E', '8c5747a4c33d30215b9944433db52d84.JPG'),
(1, 'MATEMATIKA IPA', 250, 'B', 'bff7240eb1eb78ea2afea5829e0a7303.JPG', '{30, 150}', '{210, 330}', '{30, 210}', '{60, 120}', '{30, 60, 120}', 'B', '5096582ff7806933194fe6c92140b277.JPG'),
(1, 'MATEMATIKA IPA', 251, 'B', '1327ee144c0c04bf37bd94b514c57d85.JPG', '62941bdcf42baa0a1a2f4462d8be289b.JPG', '29985c318b183603f79ed11293258b8b.JPG', 'f05dbace8f34928c66130dfa7bf50509.JPG', '140030eec55e17bb92421ce4c5d82e9d.JPG', '79c1faf4f40df7a47ff8f974fcfd28cc.JPG', 'C', '2129664535f329f0d0cda13e8610cf20.JPG'),
(1, 'MATEMATIKA IPA', 252, 'B', 'Misalkan suatu lingkaran dan persegi masing-masing mempunyai luas L dan P.<br>\r\nJika keliling keduanya sama, maka L =', 'd0853d1bbcfd7feb3497146fc6dd6359.JPG', '05470380d74a8022d5d0d0d0fbdc09b6.JPG', '802719bac5a00b5140da961a27231570.JPG', '11fdc7b29eec9a1110fe52300eb266d2.JPG', '3b8fc43bfcbb2058f414522b74f3c658.JPG', 'B', 'd02ecf353c754f8f4f733d678a59a9c8.JPG'),
(1, 'MATEMATIKA IPA', 253, 'B', '11ad001a49c88f29f214e31e50da6907.JPG', '68d746022bd29699d59c7e4007dc846a.JPG', '0fc974baaec3be41038eb7704c93c06b.JPG', '0', '0cd3b6f4beb034fb21ec2222d53db3a9.JPG', '49dc03849edb2b3b478b63ac1e58ca1b.JPG', 'E', 'a3dad0e29eedff101433c16b6d6ff70b.JPG'),
(1, 'MATEMATIKA IPA', 254, 'B', 'Diketahui barisan bilangan 1.536, 768, 384,  Jika U<sub>n</sub> adalah suku ke-n barisan tersebut maka U<sub>n</sub>=', '3 X 2<sup>10-n</sup>', '3 X 9<sup>9-n</sup>', '3 X 2<sup>10+n</sup>', '2<sup>10-n</sup>', '2<sup>11-n</sup>', 'A', '25ee3a713621460782f81ee27de6bc79.JPG'),
(1, 'MATEMATIKA IPA', 255, 'B', 'Diberikan suku banyak  Jika <i>p(x) = x<sup>2</sup> + bx +a</i>. Jika a dan b dipilih secara acak dari selang [0, 4], maka peluang persamaan suku banyak tersebut tidak mempunyai akar adalah', '0', '1/3', '2/3', '5/6', '1', 'B', 'Suatu persamaan kuadrat <i>ax<sup>2</sup> + bx + c</i> = 0, jika<br> -  D > 0 mempunyai dua akar real yang berbeda<br> -  D = 0 mempunyai dua akar real yang sama<br> -  D < 0 tidak mempunyai akar real<br> Dari suku banyak  <i>p(x) = x<sup>2</sup> + ax + b</i>, jika dipilih a dan b acak dari selang [0, 4], maka terdapat tiga kemungkingan yaitu : D > 0 ; D = 0 ; D < 0<br> Jadi peluang suku banyak tidak punya akar = 1/3'),
(1, 'MATEMATIKA IPA', 256, 'B', '41516b0f03f0e63703cb20f284fe1c3c.JPG', '1', '4ef836b5fed8a563f6581ce7d762403b.JPG', '64fe67ec66009002267a4e3f6b8aa687.JPG', 'c4cecc2e339d03ec05ea19ddba05ca84.JPG', '0', 'A', 'd7eb5e0f27f9ccb0d35bc170c92ec00d.JPG'),
(1, 'MATEMATIKA IPA', 257, 'B', '77f9b295362831bb1e1f1857e041b09a.JPG', 'c1bf75252af8b355fcf2715b07a4f681.JPG', 'dfa9c98d8e4a6292216289bb4b40eddf.JPG', '', '4 cm', '4a3df9444ebb4d20c46b125916d0f6a4.JPG', 'E', 'dbef28415df23cabd5dd805f2040ca4d.JPG'),
(1, 'MATEMATIKA IPA', 258, 'B', 'Seorang pelajar berencana untuk menabung di koperasi yang keuntungannya di hitung setiap semester. Apabila jumlah tabungan menjadi dua kali lipat dalam 5 tahun, maka besar tingkat bunga per tahun adalah ...', '479d63634885a392a42ce422f640f244.JPG', '00a907d5b7869eaa151dc7dd06bbbf54.JPG', '1edb7e1c2de341741f1af9e449adbb4b.JPG', '30c02acec437b2e4b60ba6be60fd8b3c.JPG', 'ff43bd9a9b7f6d85d3b79190b538b6ca.JPG', 'A', '75c83efdd7093aa573c3fb444920925b.JPG'),
(1, 'MATEMATIKA IPA', 259, 'B', 'Sepuluh titik terletak pada bidang datar sehingga tidakada tiga titik yang segaris.<br> Banyak segitiga yang dapat dibuat dengan titik sudut dari titik-titik tersebut adalah', '30', '60', '120', '240', '480', 'C', '613d0ffc1c8253b92fb99811fc09fe3c.JPG'),
(1, 'MATEMATIKA IPA', 260, 'B', '49ef113dfd24616007338376b049b2bc.JPG', '-1', '0', '1', '2', '3', 'C', '0ab28271caf2c70fefdc4cda7e48da96.JPG'),
(1, 'MATEMATIKA IPA', 261, 'B', 'Panjang dua sisi suatu segitiga adalah 10 cm dan 8 cm. Semua nilai berikut yang menjadi nilai keliling segitiga tersebut, kecuali', '33 cm', '34 cm', '35 cm', '36 cm', '37 cm', 'E', ''),
(1, 'BIOLOGI', 262, 'B', 'Padas el eukariotik, sub unit besar dari ribulose bifosfat karbokilase dikode adalah DNA dan disentesis dalam organel', 'Peroksisom', 'Reticulum endoplasma', 'Mitokondria', 'Nucleus', 'Kloroplas', 'E', 'Pada sel eukariotik, pembentukan sintesis subunit  besar dari ribulosa bifosfat karboksilase dikode oleh DNA dan disintesis dalam organel kloroplas. Pada eukariotik, kloroplas menjadi tempat terbentuknya enzim ribulosa bifosfat karboksilase (rubisco) yang menjadi awal reaksi gelap, karena mampu mengikat karbon dioksida dan kemudian diubah menjadi glukosa.'),
(1, 'BIOLOGI', 263, 'B', 'Suatu kelompok alga memiliki ciri-ciri hidup soliter di habitat air tawar atau laut, mempunyai klorofil a dan c, karoten, xantofil, fikosantin, dan berproduksi aseksual dengan membentuk zoospora. Alga tersebut tersebut tergolong dalam kelompok', '<i>Rhodophyta</i>', '<i>Chlorophyta</i>', '<i>Cyanophyta</i>', '<i>Phaeophyta</i>', '<i>Chrysophyta</i>', 'E', 'Alga yang memiliki cirri hidup seperti yang di soal adalah kelompok alga keemasan (<i>Chrysophyta</i>).<br> -   <i>Rhodophyta</i> : alga merah yang hidup di air laut tropis<br> -   <i>Chlorophyta</i> : alga hijau yang hidup di air maupun darat<br> -   <i>Phaeophyta</i> : alga coklat yang hidup di air laut'),
(1, 'BIOLOGI', 264, 'B', 'Peristiwa berikut ini yang diperkirakan terjadi selama proses evolusi :<br>\r\n(1)  Terjadi mutasi<br>\r\n(2)  Meningkatnya frekuensi gen mutan dalam populasi<br>\r\n(3)  Muncunya jenis baru<br>\r\n(4)  Seleksi alam berpengaruh pada mutan untuk menghasilkan keturunan<br>\r\nDalam teori evolusi, urutan peristiwa yang sesuai adalah', '1-2-3-4', '1-4-2-3', '2-1-4-3', '3-2-1-4', '3-1-2-4', 'C', 'Menurut teori evolusi urutan peristiwa terbentuknya jenis baru adalah :<br> 2.Meningkatnya frekuensi gen mutan dalam populasi<br> 1.Terjadi mutasi<br> 4.Seleksi alam berpengaruh pada mutan untuk menghasilkan keturunan<br> 3.Muncunya jenis baru'),
(1, 'BIOLOGI', 265, 'B', 'Dalam glikolisis terdapat dua reaksi yang bersifat endergonik, yaitu pada tahap perubahan pasangan senyawa', 'Glukosa -> glukosa 6-fosfat dan glukosa-6-fosfat -> fruktosa-6-fosfat', 'Glukosa <b>-></b> glukosa-6-fosfat dan fruktosa-6-fosfat <b>-></b> fruktosa-1,6-difosfat', 'Glukosa-6-fosfat <b>-></b> fruktosa-6-fosfat dan fruktosa-6-fosfat <b>-></b>  fruktosa-1,6-difosfat', 'Fruktosa-6-fosfat <b>-></b> fruktosa-1,6-difosfat dan fruktosa-1,6-difosfat <b>-></b> geliseraldehid-3-fosfat', 'Fruktosa-1,6-fifosfat <b>-></b> geliseraldehid-3-fosfat dan geliseraldehid-3-fosfat <b>-></b> 1,3-difosfosgliserat', 'B', '19.Glikolisis dapat terjadi secara aerob maupun anaerob, pada respirasi aerob glikolisis terjadi dalam mitokondria, melibatkan ATP dan ADP, pada sel eukariot terjadi dalam sitoplasma. Dalam glikolisi terdapat 2 reaksi yang bersifat endergonik (membutuhkan energy ATP), yaitu :<br> Glukosa <b>-></b> glukosa-6-fosfat dan fruktosa-6-fosfat <b>-></b> fruktosa-1,6-difosfat'),
(1, 'BIOLOGI', 266, 'B', 'Hal berikut yang tidak terkait dengan rekayasa genetika adalah', 'Peptidoglikan', 'DNA ligase', 'DNA rekombinan', 'Enzim restriksi', 'Plasmid', 'A', '20.Rekayasa genetika adalah suatu penerapan teknik-teknik genetika molecular untuk mengubah susunan genetik dalam kromosom atau mengubah system ekspresi genetic yang diarahkan pada kebermanfaatan tertentu. Rekayasa genetika melibatkan enzim, DNA dan plasmid.<br>\r\nPeptidoglikan aladah komponen protein polisakarida pembentuk dinding sel Bakteri gram positif'),
(1, 'BIOLOGI', 267, 'B', 'Dua organisme disebut satu jenis (spesies) apabila', 'Memiliki morfologi sama dan saling dapat kawin', 'Dapat saling kawin dan menghasilkan keturunan fertil', 'Hidup pada habitat yang sama dan menghasilkan keturunan fertil', 'Dapat saling kawin dan hidup pada habitat yang sama', 'Memiliki morfologi sama dan hidup pada habitat yang sama', 'B', 'Individu-individu dalam satu spesies/jenis dapat berhibridasi. Artinya dua individu yang sama spesiesnya dapat saling kawin dan menghasilkan keturunan yang fertile (subur)'),
(1, 'BIOLOGI', 268, 'B', 'Perbedaan konsep dalam teori evolusi Lamarck dan teori evolusi Darwin adalah', 'Adanya struktur homolog', 'Seleksi alam yang mendorong evolusi', 'Lingkungan tidak berpengaruh pada pewarisan sifat', 'Pembentukan spesies dari nenek moyang yang sama', 'Adanya sifat yang diwariskan kepada keturunannya', 'B', 'Perbedaan teori evolusi Lamarck dan teori evolusi Darwin :<br>\r\n-  Menurut Jean Baptise Lamarck, evolusi terjadi karena pengaruh lingkungan (melalui adaptasi)<br>\r\n-  Menurut Charles Darwin, evolusi terjadi karena seleksi alam<br>\r\nCara mengingat :<br>\r\n-   Darwin  seleksi alam = <b>Da-Lam</b><br>\r\n-   Lamarck  adaptasi lingkungan = <b>Ma-Ling</b>'),
(1, 'BIOLOGI', 269, 'B', 'Organisme bergonotipe Aa dihasilkan dari induk betina aa dan induk jantan yang bergonotipe', 'Aa', 'Aa', 'Aa atau aa', 'AA atau Aa', 'AA atau Aa atau aa', 'D', 'Konsep genetika Mendel pada persilangan monohybrid (satu sifat beda)<br>\r\nSkema perkawinan :<br>\r\nP	=      AA       x     aa<br>\r\nG	=      A, A  	    a, a<br>\r\nF1	=      Aa, Aa<br>\r\nAtau<br>\r\nP	=      Aa       x     aa<br>\r\nG	=      A, a  	    a, a<br>\r\nF1	=      Aa, aa'),
(1, 'BIOLOGI', 270, 'B', 'Pernyataan berikut yang bukan merupakan manfaat mikoriza bagi tanaman adalah', 'Membantu pertumbuhan bintil akar', 'Mengoptimalisasi penyerapan air dan unsur hara', 'Meningkatkan ketahanan tanaman terhadap radiasi tinggi', 'Meningkatkan ketahanan tanaman terhadap kekeringan', 'Meningkatkan ketahanan tanaman terhadap serangan cendawan pathogen', 'C', 'Mikoriza merupakan hubungan simbiosis mutualisme antara fungi dengan akar tumbuhan tingkat tinggi, tanaman memperoleh hara nutrisi sedangkan fungi mendapatkan karbon hasil fotosintesis.<br>\r\nManfaat mikoriza bagi tanaman :<br>\r\n-  Meningktakan penyerapan unsur hara tanaman dari lahan pertanian<br>\r\n-  Meningkatkan ketahanan tanaman terhadap kekeringan<br>\r\n-  Meningktakan ketahanan tanaman terhadap bakteri pathogen<br>\r\n-  Menghasilkan beberapa hormone pertumbuhan pada tanaman<br>\r\n-  Membantu p'),
(1, 'BIOLOGI', 271, 'B', 'Pada irisan melintang sel makhluk hidup dapat dilihat organel inti dan mitokondria dengan mikroskop', 'Fase kontras', 'Fluorescens', 'Cahaya', 'Elektron payaran <i>(scanning electron nicroscape)</i>', 'Electron transmisi <i>(transmission electron microscape)</i>', 'D', 'Mikroskop merupakan alat optic yang dapat digunakan untuk membantu manusia melihat benda-benda yang sangat kecil (berukuran mikro). Pada irisan melintang sel makhluk hidup dapat dilihat organel inti dan mitokondria dengan mikroskop elekrton payaran yang mampu memperbesar bayangan objek sampai satu juta kali, melalui hasil scanning.'),
(1, 'BIOLOGI', 272, 'B', 'Kadar lemak dalam darah dapat mempengaruhi jumlah produk urin oleh ginjal.<br>\r\n<center><b>SEBAB</b></center><br>\r\nPeningkatkan kadar lemak dalam darah dapat meningkatkan aktivitas hormone ADH', '', '', '', '', '', 'A', 'Kadar lemak dalam darah dapat mempengaruhi jumlah produk urin oleh ginjal. Peningkatan kadar lemak dalam darah dapat meningkatkan aktivitas hormon ADH. ADH berfungsi meningkatkan reabsorbsi air pada tubulus distal dan duktus koligentes ginjal. ADH juga merangsang absorsi Na<sup>+</sup> dan urea di tubulus.<br>\r\nPernyataan benar, alasan benar dan ada hubungan sebab akibat'),
(1, 'BIOLOGI', 273, 'B', '<i>Euglena</i> merupakan protozoa yang dapat dijadikan bioindikator perairan yang tercemar limbah organik<br>.\r\n<center><b>SEBAB</b></center><br>\r\n<i>Euglena</i> bersifat heterotrof yang hidupnya bergantung pada bahan organik dari lingkungan perairan.', '', '', '', '', '', 'C', '<i>Euglena viridis</i> bersifat autotrof karena memiliki kloroplas sehingga bisa membuat makanan sendiri. <i>Euglena sanguine</i> memiliki pigmen karoten, merupakan protozoa yang dapat dijadikan bioindikator pencemaran air.<br>\r\nPernyataan benar, alasan salah.'),
(1, 'BIOLOGI', 274, 'B', 'Pasangan organism dan tingkat trofiknya berikut berperan dalam keseimbangan kehidupan di alam, kecuali<br>\r\n(1) Alga  produsen<br>\r\n(2) Fungi  pengurai<br>\r\n(3) Larva ikan  konsumen sekunder<br>\r\n(4) Fitoplankton  konsumen primer', '', '', '', '', '', 'D', 'Pasangan organism dan tingkat trofiknya : <br>\r\n-  Alga = produsen (salah)<br>\r\n-  Jamur = pengurai (salah)<br>\r\n-  Larva ikan = konsumen sekunder (salah)<br>\r\n-  Fitoplankton = produsen (benar)'),
(1, 'BIOLOGI', 275, 'B', 'Hewan yang memiliki peradaran darah terbuka adalah<br>\r\n(1) Katak<br>\r\n(2) Cacing tanah<br>\r\n(3) Ikan<br>\r\n(4) Belalang', '', '', '', '', '', 'A', 'System peredaran darah hewan terbagi menjadi 2, yaitu :<br>\r\n-  Peredaran darah terbuka : darah beredar ke seluruh tubuh tanpa melalui pembuluh darah. Contoh : belalang, insekta lainnya<br>\r\n-  Peredaran darah tertutup : darah beredar ke seluruh tubuh melalui pembuluh darah. Contoh : katak, ikan, cacing tanah'),
(1, 'BIOLOGI', 276, 'B', 'Organisme yang mencirikan persitiwa pasang merah (red tide) dengan peningkatan jumlah populasi yang sangat cepat adalah<br>\r\n(1)<i>Diatom</i><br>\r\n(2)<i>Euglena</i><br>\r\n(3)<i>Spirogyra</i><br>\r\n(4)<i>Dinoflagellata</i>', '', '', '', '', '', 'D', 'Setelah terjadi kesetimbangan, ion yang memiliki konsentrasi paling besar adalah ion H<sub>2</sub>C<sub>6</sub>H<sub>5</sub>O<sub>7</sub><sup>-</sup>  yang berasal dari hidrolisis ion H<sub>3</sub>C<sub>6</sub>H<sub>5</sub>O<sub>7</sub><sup>-</sup> membentuk H<sub>2</sub>C<sub>6</sub>H<sub>5</sub>O<sub>7</sub><sup>-</sup>  dan ion H<sup>+</sup>'),
(2, 'EKONOMI', 313, 'B', 'Jenis instrument pasar modal adalah', 'Saham, obligasi, obligasi konversi, dan surat berharga pasar uang', 'Saham, obligasi, obligasi konversi dan waran', 'Saham, obligasi, obligasi konversi dan surat promes', 'Saham, obligasi, surat promes, dan surat berharga pasar uang', 'Saham, obligasi, surat promes, dan waran', 'B', ''),
(2, 'EKONOMI', 314, 'B', 'e06699158756092e5d15e178dd4bfed5.JPG', 'A1 dan B1', 'A1  dan B2', 'A2 dan B1', 'A3 dan B2', 'A3 dan B3', 'D', ''),
(2, 'EKONOMI', 315, 'B', 'Diketahui fungsi konsumsi nasional C = 50 triliyun + 0,7 Y.<br> \r\njika pendapatan nasional Rp. 900 trilyun, besarnya tabungan masyarakat adalah', 'Rp 850 trilyun', 'Rp 680 trilyun', 'Rp 220 trilyun', 'Rp 22 trilyun', 'Rp 20 trilyun', 'C', ''),
(2, 'EKONOMI', 299, 'B', 'Pada saat harga Rp 15.000,00 permintaan bola lampu sebesar 4000 buah, setiap kenaikan harga Rp 1.000,00 permintaannya turun 500 buah. Berdasarkan data tersebut fungsi permintaannya adalah...', 'a2a556e959b3853759458d0aa0708f5b.JPG', 'f9c55c144d4e8ff9e5dfa8179bf44ffc.JPG', '6475a85e2823899c6a9065dce8981fb9.JPG', 'Q = 5P + 11500', 'Q = -5P + 11500', 'A', ''),
(2, 'EKONOMI', 300, 'B', 'Pada tingkat harga barang sebesar Rp 500,00 barang yang ditawarkan 1000 unit, jika harga naik 20% barang yang ditawarkan juga bertambah sebanyak 100 unit.<br> Berdasarkan data tersebut elastisitasnya dinamakan...', 'Elastis sempurna', 'In elastis sempurna', 'Unitary elastisitas', 'Elastis', 'In elastis', 'E', ''),
(2, 'EKONOMI', 301, 'B', 'Masyarakat Jakarta, Bogor dan Bekasi menilai angkutan KRL merupakan alat transportasi yang efektif dan efisien, artinya KRL memiliki...', 'Nilai pakai obyektif', 'Nilai tukar  obyektif', 'Nilai pakai subyektif', 'Nilai tukar subyektif', 'Nilai tukar dan nilai pakai', 'A', ''),
(2, 'EKONOMI', 302, 'B', 'Berikut ini akibat adanya kebijakan harga maksimum dan minimum oleh pemerintah:<br>\r\n1.Permintaan meningkat<br>\r\n2.Penawaran meningkat<br>\r\n3.Permintaan menurun<br>\r\n4.Kelangkaan barang di pasar<br>\r\n5.Penawaran berkurang<br><br>\r\nKetidak seimbangan harga dalam pasar akibat kebijakan harga minimum adalah...', '1 dan 2', '1 dan 3', '2 dan 3', '3 dan 4', '4 dan 5', 'C', ''),
(2, 'EKONOMI', 303, 'B', 'Jika pak Dika memiliki saham 100 lot saham PT Telkom dan hendak menjual saham sebanyak 50 lot sahamnya, maka pak Dika  harus menjual ke...', 'Pasar produk', 'Pasar induk', 'Pasar faktor produksi', 'Pasar primer', 'Pasar sekunder', 'C', ''),
(2, 'EKONOMI', 304, 'B', 'Salah satu lembaga penunjang pasar modal adalah Biro Administrasi Efek (BAE), lembaga ini berfungsi...', '<p>Mewakili para pemegang obligasi dan sekuritas kredit baik didalam maupun diluar pengadilan mengenai hak-hak pemegang obligasi atau sekuritas kredit</p>', '<p>Menilai kembali aktiva emiten yang bertujuan untuk mengetahui besarnya nilai wajar aktiva emiten sebagai dasar melakukan emisi pada pasar modal</p>', '<p>Menyediakan pelayanan/jasa kepada emiten dalam bentuk catatan dan pemindahan kepemilikan efek-efek tertentu serta menyampaikan laporan tahunan kepada emiten tentang posisi efeknya</p>', '<p>Memeriksa laporan keuangan emiten sesuai dengan prinsip akuntansi yang berlaku di Indonesia serta ketentuan Bapepam</p>', '<p>Melayani jasa penitipan efek dan harta lainnya yang berkaitan dengan efek seperti menerima bunga, deviden dan hak lainnya untuk menyelesaikan transaksi.</p>', 'C', ''),
(2, 'EKONOMI', 305, 'B', 'cc4abfba237d7d20522f6596a88d1481.JPG', '1', '2', '3', '4', '5', 'B', ''),
(2, 'EKONOMI', 306, 'B', ' SMA Garuda Bersubdisi pada tanggal 03 Mei tahun 2003  telah mendirikan koperasi sekolah yang bergerak di idang penyediaan alat-alat pelajaran bagi siswanya berdasarkan Surat Kepuutusan Bersama (SKB) No. 125 / 0447a /71 / 1984 bertanggal 24 Oktober 1984 maka yang boleh menjadi anggota koperasi adalah...', 'Siswa kelas X, XI dan XII sekolah tersebut', 'Kepala seklah, guru dan keryawan sekolah tersebut', 'Guru, karyawan dan siswa-siswi sekolah tersebut', 'Kepala sekolah dan guru sekolah tersebut', 'Guru dan karyawan sekolah tersebut', 'A', ''),
(2, 'EKONOMI', 307, 'A', 'Dibawah ini adalah peranan kepala sekolah dan tugas pengurus operasi sekolah :<br>\r\n1.Menyediakan sarana dan prasarana untuk penyelenggaraan koperasi sekolah<br>\r\n2. penyelenggaraan pembukuan keuangan dan inventarisasi secara tertib<br>\r\n3.Mengajukan rancangan rencana kerja serta anggaran pendapatan dan belanja koperasi<br>\r\n4.Penanggung jawab koperasi sekolah baik kedalam maupun luar<br>\r\n5.Mengelola jalannya koperasi dan usahanya sesuai dengan tujuan dan anggaran dasarnya.<br><br>\r\nGambaran di atas yang merupakan tugas oengurus koperasi sekolah adalah...', '1, 3 dan 4', '1, 3 dan 5', '2, 3 dan 4', '2, 3 dan 5', '3, 4 dan 5', 'D', ''),
(2, 'EKONOMI', 308, 'B', 'Selisih antara hasil produk barang dan jasa yang dihasilkan warga negara di luar negeri dengan hasil produk barang dan jasa warga negara asing di negara tersebut disebut...', 'Pendapatan neto terhadap luar negeri', 'Pendapatan nasional neto', 'Pendapatan nasional bruto', 'Pendapatan disposibel', 'Pendapatan masnyarakat neto', 'A', ''),
(2, 'EKONOMI', 309, 'B', 'Tingkat pertumbuhan penduduk suatu negara merupakan faktor yang sangat pnting dalam perhitungan pertumbuhan pendapatan perkapita. Untuk menghitung persantase jumlah pertumbuhan penduduk dapat digunakan rumus...', 'Gt = Gt  Pn', 'a8f47c5c91263c5c1d1b99d3ca1c6d24.JPG', 'Pn = Po (1 + r)<sup>n</sup>', 'Y = Yw + YI + Yr + Yp', 'Y = C + I + G + (X-M)', 'B', ''),
(2, 'EKONOMI', 310, 'B', 'Dibawah ini merupakan sistem pencatatan neraca pembayaran :<br>\r\n1)Impor barang dari Negara lain<br>\r\n2)Ekspor barang ke Negara lain<br>\r\n3)Investasi jangka pendek yang ditanam penduduk Negara lain<br>\r\n4)Penerimaan bunga dan deviden dari penduduk Negara lain<br>\r\n5)Investasi jangka pendek yang ditanam oleh penduduk lain di dalam negeri<br>\r\n6)Penduduk yang melakukan pembelian emas dari Negara lain<br><br>\r\nDari pernyataan diatas, yang merupakan sistem pencatatan neraca pembayaran transaksi kredit adalah', '1, 2 dan 3', '1, 3 dan 5', '2, 4 dan 5', '2, 4 dan 6', '4, 5 dan 6', 'C', ''),
(2, 'EKONOMI', 311, 'B', 'Dibawah ini adalah peranan kepala sekolah dan tugas pengurus operasi sekolah :<br>\r\n1.Menyediakan sarana dan prasarana untuk penyelenggaraan koperasi sekolah<br>\r\n2. penyelenggaraan pembukuan keuangan dan inventarisasi secara tertib<br>\r\n3.Mengajukan rancangan rencana kerja serta anggaran pendapatan dan belanja koperasi<br>\r\n4.Penanggung jawab koperasi sekolah baik kedalam maupun luar<br>\r\n5.Mengelola jalannya koperasi dan usahanya sesuai dengan tujuan dan anggaran dasarnya.<br><br>\r\nGambaran di atas yang merupakan tugas oengurus koperasi sekolah adalah...', '1, 3 dan 4', '1, 3 dan 5', '2, 3 dan 4', '2, 3 dan 5', '3, 4 dan 5', 'D', ''),
(2, 'EKONOMI', 312, 'B', 'Pak Anton akan berlibur ke Malaysia selama satu minggu, oleh sebab itu Pak Anton menukarkan uang Rp 8.400.000,00 dengan ringgit. Pada hari itu kurs yang berlaku adalah,<br>\r\n kurs jual 1 ringgit = Rp 2.500,00<br> \r\nkurs beli 1 ringgit =  Rp 2.300,00<br>\r\ndan kurs tengah ringgit = Rp 2.400,00.<br>\r\nBerdasarkan harga kurs diatas maka jumlah ringgit yang akan diterima Pak Anton adalah', '3.360,00 ringgit', '3.428,57 ringgit', '3.500,00 ringgit', '3.574,47 ringgit', '3.652,17 ringgit', 'A', ''),
(2, 'EKONOMI', 316, 'B', ' Tanggal 22 maret 2008 Pak Alam membeli 2 buah mesin fotocopy untuk menambah usaha pelayanannya sebesar Rp 25.000.000,00 kepada toko Lili. Untuk itu Pak Alam membayar dengan secari wesel. Jurnal toko untuk toko Lili adalah', '<p>Wesel tagih		25.000.000,00<br> Fotocopy			25.000.000,00</p>', '<p>Piutang usaha		25.000.000,00<br> Fotocopy			25.000.000,00</p>', '<p>Fotocopy			25.000.000,00<br> Wesel bayar		25.000.000,00</p>', '<p>Fotocopy			25.000.000,00<br> Utang usaha		25.000.000,00</p>', '<p>Utang usaha 		25.000.000,00<br> Fotocopy			25.000.000,00</p>', 'C', ''),
(2, 'EKONOMI', 317, 'B', 'Di dalam neraca saldo terdapat perkiraan beban iklan Rp 960.000,00. Ikla tersebut dibayar tanggal 1 Maret 2006 untuk satu tahun. Jurnal yang dibuat pada tanggal 31 Desember 2006 adalah', '<p>Beban iklan				960.000,00<br> Kas					960.000,00</p>', '<p>Iklan dibayar dimuka			800.000,00<br> Beban iklan				800.000,00</p>', '<p>Beban iklan				800.000,00<br> Iklan dibayar dimuka			800.000,00</p>', '<p>Iklan dibayar dimuka			160.000,00<br> Beban iklan 				160.000,00</p>', '<p>Beban iklan 				160.000,00<br> Iklan dibayar dimuka 			160.000,00</p>', 'C', ''),
(2, 'EKONOMI', 318, 'B', 'Gempa bumi yang melanda beberapa Negara di berlahan dunia telah mengakibatkan kebocoran sumur-sumur minyak dilepas pantai (off shore). Hal ini mengganggu harga keseimbangan pasar crude oil (minyak mentah) dunia, karena', 'Permintaan bertambah dan harga keseimbangan akan meningkat', 'Penawaran berkurang dan harga keseimbangan akan meningkat', 'Permintaan berkurang dan harga keseimbangan akan turun', 'Penawaran bertambah dan harga keseimbangan akan turun', 'Permintaan bertambah sedangkan penawaran berkurang, sehingga harga keseimbangan tidak dapat diprediksi', 'C', ''),
(2, 'EKONOMI', 319, 'B', 'Nota merupakan bukti transaksi dan dalam Sistem Informasi Akuntansi digolongkan sebagai bagian dari proses.<br>\r\n<center><b>SEBAB</b></center><br>\r\nNota merupakan masukan yang digunakan sebagai data awal dalam suatu siklus akuntansi.', '', '', '', '', '', 'A', ''),
(2, 'EKONOMI', 320, 'B', 'Kebijakan moneter yang ekspansif antara lain..<br>\r\n(1)  Menaikkan suku bunga perbankan<br>\r\n(2)  Manaikkan pajak penjualan<br>\r\n(3)  Menjual surat-surat berharga<br>\r\n(4)  Menurunkan suku bunga perbankan', '', '', '', '', '', 'D', ''),
(2, 'GEOGRAFI', 321, 'B', 'Pernyataan:<br>\r\n1)Kawin usia muda<br>\r\n2)Banyak anak banyak rezeki<br>\r\n3)Jaminan untuk hari tua ada yang merawat<br>\r\n4)Adanya pembatasan tunjangan anak bagi pegawai negeri<br>\r\n5)Adanya ketentuan batas umur menikah<br><br>\r\nYang merupakan faktor pro-natalis adalah...', '1, 3 dan 5', '2, 3 dan 5', '3, 4 dan 5', '1, 2 dan 3', '2, 3 dan 4', 'D', ''),
(2, 'GEOGRAFI', 322, 'B', 'Apa yang menyebabkan salinitas air laut Indonesia rendah sehingga produksi haram nasional rendah?', 'Curah hujan tinggi dan kondisi laut terbuka', 'Pasang surut rendah dan kelembaban udara tinggi', 'Musim kemarau pendek dan diapit dua samudera', 'Curah hujan tinggi dan berupa negara kepulauan', 'Kada mineral air sungai rendah dan laut dangkal', 'A', ''),
(2, 'GEOGRAFI', 323, 'B', 'Karakteristik lahan untuk lokasi pemukiman penduduk di daerah pegunungan yang aman dari bencana longsor adalah...', 'Bahan keras dan lereng curam', 'Batuan berlapis dan lereng landai', 'Batuan lepas-lepas dan lereng terjal', 'Batuan masif dan lereng landai', 'Batuan berpori dan lereng miring', 'B', ''),
(2, 'GEOGRAFI', 324, 'B', 'Apa tindakan manusia yang dapat meningkatkan infiltrasi sehingga intensitas banjir berkurang?', 'Meningkatkan pori tanah dan lahan terbuka', 'Membuat bipori dan saluran drainase', 'Meningkatkan permeabilitas dan sumur resapan', 'Memperbanyak taman dan hutan kota', 'Membangun banjir kanal dan danau buatan', 'D', ''),
(2, 'GEOGRAFI', 325, 'B', 'Apa bentuk degradasi lahan sebagai akibat alih fungsi lahan hutan menjadi lahan sayuran?', 'Menurunnya proses sedimentasi', 'Menurunnya produktivitas lahan', 'Menipisnya llapisan tanah atas', 'Terganggunya keseimbangan air', 'Meningkatnya luas lahan kritis', 'D', ''),
(2, 'GEOGRAFI', 326, 'B', 'Apa kelebihan teknik kartografi digital dibandingkan dengan artografi manual?<br>\r\n(1)  Teknik pengolahan data menggunakan komputer<br>\r\n(2)  Peta yang berbeda sumber data dapat diproses<br>\r\n(3)  Informasi dapat langsung diakses secara online<br>\r\n(4)  Penyajian peta akhir dapat berupa soft-copy', '', '', '', '', '', 'B', ''),
(2, 'GEOGRAFI', 327, 'B', 'Faktor apa ssaja yang dipertimbangkan dalam penyusunann rencana penggunaan lahan agar kerusakan lingkungan hidup dapat dihindari?<br>\r\n(1)  Kemampuan lahan<br>\r\n(2)  Produktivitas lahan<br>\r\n(3)  Kesesuaian lahan<br>\r\n(4)  Stabilitas lahan', '', '', '', '', '', 'C', ''),
(2, 'GEOGRAFI', 328, 'B', 'Mengapa tanah liat (clay) pada lahan pertanian banyak digunakan untuk membuat barang kerajinan gerabah?', 'Kandungan liatnya tinggi', 'Struktur tanahnya gembur', 'Konsinstensi tanahnya lekat', 'Produktivitas tanahnya rendah', 'Kadar air tanahnya rendah', 'C', ''),
(2, 'GEOGRAFI', 329, 'B', 'Apa dampak positif interaksi intensif desa dengan kota bagi masyarakat pedesaan?', 'Kegiatan perdagangan berkembang', 'Produktivitas pertanian meningkat', 'Sarana prasarana umum berkembang', 'Intensitas komunikasi meningkat', 'Wawasan pengetahuan meningkat', 'E', ''),
(2, 'GEOGRAFI', 330, 'B', 'Bagaimana upaya mengatasi pertumbuhan penduduk yang tinggi di kota akibat urbanisasi?<br>\r\n1)Mengembangkan pemukiman di pinggir kota<br>\r\n2)Mengembangkan perekonomian kedua wilayah<br>\r\n3)Memperlancar saarana dan prasarana transportasi<br>\r\nMeningkatkan pembangunan di wilayah pedesaan', '', '', '', '', '', 'D', ''),
(2, 'GEOGRAFI', 331, 'B', 'El-nino dan La-nina merupakan peristiwa meningkat dan menurunnya suhu permukaan laut di pantai Peru-Equador.<br>\r\n<center><b>SEBAB</b></center><br>\r\nTerjadi pertemuan air laut yang panas dari Indonesia dan Amerika Tengah sehingga massa air laut panas terakumulasi dalam jumlah besar', '', '', '', '', '', 'C', ''),
(2, 'GEOGRAFI', 332, 'B', 'Apa manfaat informasi lintang dan bujur dalam suatu peta wilayah?<br>\r\n(1)  Penentuan posisi geografis<br>\r\n(2)  Perhitungan skala peta<br>\r\n(3)  Pengukuran luas wilayah<br>\r\n(4)  Penghitungan jarak dua tempat', '', '', '', '', '', 'A', ''),
(2, 'GEOGRAFI', 333, 'B', 'Penyebab peningkatan jumlah penglaju dari desa ke kota adalah...<br>\r\n(1)  Kemajuan sarana transportasi<br>\r\n(2)  Rendahya harga hasil pertanian<br>\r\n(3)  Keterbatasan lapangan kerja<br>\r\n(4)  Tingginya produktivitas tenaga kerja', '', '', '', '', '', 'A', ''),
(2, 'GEOGRAFI', 334, 'B', 'Variabel geografi yang dapat digunakan sebagai daar regionalisasi adalah...<br>\r\n(1)  Penduduk<br>\r\n(2)  Morfologi<br>\r\n(3)  Budaya<br>\r\n(4)  Lokasi', '', '', '', '', '', 'D', ''),
(2, 'GEOGRAFI', 335, 'B', 'Berikut ini kenampakan objek yang memiliki tekstur kasar pada foto udara adalah...', 'Belukar', 'Hutan', 'Semak', 'Persawahan', 'Lapangan sepak bola', 'B', ''),
(2, 'GEOGRAFI', 336, 'B', 'Tujuan konservasi pada lahan miring yang dilakukan melalui sengkedan adalah untuk...<br>\r\n(1)  Menghambat aliran air<br>\r\n(2)  Meningkatkan produksi<br>\r\n(3)  Menghambat laju erosi<br>\r\n(4)  Menurunkan evaporasi', '', '', '', '', '', 'B', ''),
(2, 'GEOGRAFI', 337, 'B', 'Intraksi desa-kota terjadi karena adanya kebutuhan penghasil barang industri bagi kebutuhan kedua daerah  yang saling melengkapi.<br>\r\n<center><b>SEBAB</b></center><br>\r\nDesa menjadi <i>hinterland</i> bagi kota dan kota menjadi penghasil barang industri bagi kebutuhan desa.', '', '', '', '', '', 'A', ''),
(2, 'GEOGRAFI', 338, 'B', 'Jakarta merupakan big village yang sarat dengan berbagai permasalahan kependudukan akibat tingginya urbanisasi.<br>\r\n<center><b>SEBAB</b></center><br>\r\nUntuk mengatasi permasalahan kependudukan di Jakarta, dalam jangkauan panjang perlu dilakukan pembangunan antarwilayah di sekitarnya secara berimbang.', '', '', '', '', '', 'C', ''),
(2, 'GEOGRAFI', 339, 'B', 'Karakteristik hujan akibat pemanasan global yang sering menimbulkan bencana banjir dan tanah longsor adalah...', 'Frekuensi hujan', 'Intensitas hujan', 'Distribusi hujan', 'Fluktuasi hujan', 'Durasi hujan', 'B', ''),
(2, 'GEOGRAFI', 340, 'B', 'Faktor yang perlu diperhatikan dalam penentuan lokasi industri...', 'Jarak rata-rata', 'Jumlah penduduk', 'Aksesibilitas', 'Biaya angkut minimum', 'Bahan baku utama', 'C', ''),
(2, 'GEOGRAFI', 341, 'B', 'Wilayah Indonesia mengalami angin muson barat dan timur yang terjadi secara bergantian dalam satu tahun, hal ini karena...<br>\r\n(1)  Adanya perbedaan tekanan udara di Benua Asia dan Australia<br>\r\n(2)  Wilayah Indonesia terletakn di Khatulistiwa sehingga terjadi angin pasat yang berubah menjadi angin muson barat dan timur<br>\r\n(3)  Letak matahari enak bulan di utara khatulistiwa dan enam bulan di selatan khatulistiwa<br>\r\n(4)  Angin muson timur banyak membawa uap', '', '', '', '', '', 'B', ''),
(2, 'GEOGRAFI', 342, 'B', 'Erosi tanah potensial terjadi pada daerah berikut ini :<br>\r\n(1)  Kerapatan vegetasi rendah<br>\r\n(2)  Sudut lereng >15%<br>\r\n(3)  Bahan organik yang rendah<br>\r\n(4)  Struktur tanah yang kokoh', '', '', '', '', '', 'A', ''),
(2, 'GEOGRAFI', 343, 'B', 'Cara penyesuaian diri burung di daerah iklim sedang dan sub-tropis terhadap perubahan iklim adalah...', 'Mengumpulkan makanan cadangan', 'Melakukan migrasi ke tempat lain', 'Mencari tempat untuk berlindung', 'Mengalami perubahan warna tubuh', 'Memanfaatkan bulu tebal sebagai penghangan tubuh', 'B', ''),
(2, 'GEOGRAFI', 344, 'B', 'Ciri-ciri tumbuhan di Indonesia bagian barat dengan iklim Af adalah...', 'Daun gugur pada musim kemarau', 'Didominasi oleh padang rumput', 'Didominasi oleh pohon berdaun lebat', 'Bertunas pada musim hujan', 'Ketinggian pohon <60 meter', 'C', ''),
(2, 'GEOGRAFI', 345, 'B', 'Pembagain penampangan sungai atas bagian hulu, tengah dan hilir bukan berdasarkan jarak mutlak<br>\r\n<center><b>SEBAB</b></center>\r\n<br>Bagian hulu sungai erosi vertical dominan, sedangkan bagian hilir erosi horizontal dominan', '', '', '', '', '', 'A', ''),
(2, 'SOSIOLOGI', 346, 'B', 'Ahli sosiologi yang memperkenalkan konsep Gemeinschaft dan Gesselschaft adalah...', 'Charles Horton Cooley', 'Auguste Comte', 'Emili Durkheim', 'Ferdinand Tonnies', 'Talcot Parson', 'D', ''),
(2, 'SOSIOLOGI', 347, 'B', 'Perubahan teknologi di bidang pertanian dari masyarakat berpindah-pindah menjadi menetap merupakan unsur kebudayaan dalam bentuk...', 'Tradisional', 'Abstrak', 'Khusus', 'Nonmateriil', 'Materiil', 'E', ''),
(2, 'SOSIOLOGI', 348, 'B', 'Tawuran antar kompung terjadi karena sentiment kelompok..', 'Primer dan sekunder', 'Formal dan informal', 'Paguyuban dan patembayan', 'In-groups dan out-groups', 'Peer groups dan reference groups', 'D', ''),
(2, 'SOSIOLOGI', 349, 'B', 'Perbedaan jenis kelamin, usia, dan agama termasuk..', 'Diferensiasi sosial', 'Kategori sosial', 'Stratifikasi sosial', 'Pelapisan sosial', 'Mobilitis sosial', 'A', ''),
(2, 'SOSIOLOGI', 350, 'B', 'Hubungan sosial timbal-balik yang saling mempengaruhi disebut...', 'Kausal', 'Simultan', 'Resiprokal', 'Periodik', 'Diadik', 'C', ''),
(2, 'SOSIOLOGI', 351, 'B', 'Sistem statifikasi sosial masyarakat secara diagramatik selalu berpola...', 'Bujur sangkar', 'Persegi panjang', 'Piramida', 'Lingkaran', 'Segienam', 'C', ''),
(2, 'SOSIOLOGI', 352, 'B', 'Akibat banjir Lapindo di Sidoarjo, Jawa Timur, masyarakat dibeberapa desa yang terkena dampak banjir lumpur harus direlokasi. Kasus ini merupakan contoh perubahan sosial...', 'Lambat', 'Cepat', 'Direncanakan', 'Tidak direncanakan', 'Bencana alam', 'D', ''),
(2, 'SOSIOLOGI', 353, 'B', 'Tingkat pendidikan dan akses teknologi mempengaruhi kecepatan berubah suatu masyarakat<br>\r\n<center><b>SEBAB</b></center><br>\r\nPendidikan dan teknologi itu dapat dipergunakan untuk membantu meningkatkan kemampuan masyarakat dalam memanfaatkan potensi alam di sekitarnya.', '', '', '', '', '', 'A', ''),
(2, 'SOSIOLOGI', 354, 'B', 'Setiap anggota sosial harus sadar bahwa dia merupakan bagian dari kelompok<br>\r\n<center><b>SEBAB</b></center><br>\r\nKesadaran sebagai bagian dari kelompok menumbuh sebagai bagian dari kelompok menumbuhkan rasa memiliki dan menjadi dasar integrasi kelompok sosial.', '', '', '', '', '', 'A', ''),
(2, 'SOSIOLOGI', 355, 'B', 'Kepribadian anak cenderung mirip dengan kepribadian orang tua<br>\r\n<center><b>SEBAB</b></center><br>\r\nPengalaman unik merupakan salah satu fakta pembentuk kepribadian', '', '', '', '', '', 'D', ''),
(2, 'SOSIOLOGI', 356, 'B', 'Perilaku menyimpang adalah perilaku yang tidak sesuai dengan nilai norma yang berlaku dalam masyarakat.<br>\r\n<center><b>SEBAB</b></center><br>\r\nNilai dan norma merupakan pedoman bagi perilaku masyarakat yang bersangkutan', '', '', '', '', '', 'B', ''),
(2, 'SOSIOLOGI', 357, 'B', 'Seseorang dapat mengalami perubahan status sosial yang lebih baik daripada sebelumnya karena..<br>\r\n(1) Pendidikan<br>\r\n(2) Prestasi<br>\r\n(3) Hasil kerja keras<br>\r\n(4) Keturunan', '', '', '', '', '', 'B', ''),
(2, 'SOSIOLOGI', 358, 'B', 'Selama 30 tahun, Ibu Lia berjualan saayuran dengan gerobak walaupun Wandi, putranya sudah berhasil menamatkan pendidikan S2 di universitas ternama. Kini Wandi bekerja di rumah sakit pelaksana fisitoterapi.<br> \r\nMobilitas pekerjaan yang dialami Wandi disebut mobilitas...<br>\r\n(1) Lateral<br>\r\n(2) Sosial keatas (upward mobility)<br>\r\n(3) Geografi<br>\r\n(4) Intragenerasi', '', '', '', '', '', 'E', ''),
(2, 'SOSIOLOGI', 359, 'B', 'Integrasi sosial di Indonesia dapat terwujud melalui banyak cara, misalnya dengan mengembangkan...<br>\r\n(1) Adanya kontak dengan kebudayaan lain<br>\r\n(2) Lamban perkembangan ilmu<br>\r\n(3) Sistem stratifikasi sosial yang terbuka<br>\r\n(4) Kuatnya pengaruh nilai-nilai tradisional', '', '', '', '', '', 'A', ''),
(2, 'SOSIOLOGI', 360, 'B', 'Kekuatan yang dapat menghambat proses perubahan sosial adalah...<br>\r\n(1) Adanya kontak dengan kebudayaan lain<br>\r\n(2) Lamban perkembangan ilmu<br>\r\n(3) Sistem stratifikasi sosial terbuka<br>\r\n(4) Kuatnya pengaruh nilai-nilai tradisional', '', '', '', '', '', 'C', ''),
(2, 'SOSIOLOGI', 361, 'B', 'Faktor pendorong setiap orang yang tergerak tanpa berpikir panjang lagi setelah menyaksikan iklan suatu produk makanan untuk segera mengkonsumsi adalah faktor..', 'Identifikasi', 'Empatu', 'Sugesti', 'Imitasi', 'Simpati', 'E', ''),
(2, 'SOSIOLOGI', 362, 'B', 'Perbedaan peranan antara laki-laki dan perempuan yang dikonstruksi secara sosial disebut...', 'Kodrat', 'Emansipasi', 'Gender', 'Dikriminasi', 'Feminis', 'A', ''),
(2, 'SOSIOLOGI', 363, 'B', 'Sistem kasta di India membuat anggotanya memiliki status yang sama seumur hidupnya. Hal ini merupakan contoh dari bentuk stratifikasi...', 'Tertutup', 'Terbuka', 'Seumur hidup', 'Karena keturunan', 'Terjadi dengan sendirinya', 'C', ''),
(2, 'SOSIOLOGI', 364, 'B', 'Kondisi perkembangan antara unsur kebudayaan materiil dan nonmateriil belum berjalan seiring akan menghasilkan cultural...', 'Determination', 'Assimilation', 'Lag', 'Relativism', 'Change', 'B', ''),
(2, 'SOSIOLOGI', 365, 'B', 'Teori yang menjelaskan perubahan sosial sebagai perkembangan bertahap, dari sederhana menuju komplek adalah teori...', 'Siklus', 'Melingkar', 'Linier', 'Perjuangan kelas', 'Pertumbuhan ekonomi', 'E', ''),
(2, 'SOSIOLOGI', 366, 'B', 'Hubungan tingal balik yang saling mempengaruhi disebut..', 'Kausal', 'Simultan', 'Resiprokal', 'Periodik', 'Diadik', 'B', ''),
(2, 'SOSIOLOGI', 367, 'B', 'Kegunaan utama sosiologi adalah mengkaji masyarakat pluralistik, kecuali...', 'Mempertimbangkan berbagai fenomena sosial yang terlepas dari prasangka subjektif', 'Pemahaman terhadap pola tingkah laku manusia yang bersifat individu', 'Melihat kecenderungan perubahan pola tingkah laku anggota masyarakat', 'Kemampuan untuk mampu meramalkan apa yang akan terjadi pada masyarakat', 'Kemampuan untuk dapat membantu menyelesaikan masalah sosial pada masyarakat', 'A', ''),
(2, 'SOSIOLOGI', 368, 'B', 'Kondisi homopilus akan memperlancar interaksi sosial, homopilus berarti kesamaan dalam hal...<br>\r\n(1) Status sosial<br>\r\n(2) Kepentingan<br>\r\n(3) Usia<br>\r\n(4) Pekerjaan', '', '', '', '', '', 'A', ''),
(2, 'SOSIOLOGI', 369, 'B', 'Sosialisasi yang tidak sempurna dapat menyebabkan seseorang berperilaku menyimpang<br>\r\n<center><b>SEBAB</b></center><br>\r\nKeluarga merupakan lembaga pertama dan utama dalam proses sosialiasi anak', '', '', '', '', '', 'C', ''),
(2, 'SOSIOLOGI', 370, 'B', 'Pernyataan berikut mencerminkan keberhasilan proses sosialisasi..<br>\r\n(1) Berperilaku sesuai dengan norma dan nillai yang berlaku<br>\r\n(2) Berperilaku sesuai dengan kebiasaan keluarganya<br>\r\n(3) Berperilaku sesuai dengan perilaku orang tuanya<br>\r\n(4) Berperilaku tergantung situasi dan kondisi yang dihadapinya', '', '', '', '', '', 'B', ''),
(2, 'SEJARAH', 371, 'B', 'Penguasa Kasunan pasca-perjanjian Giyanti adalah...', 'Sultan Hamengkubuwono I', 'Sultan Hamengkubuwono II', 'Susuhunan Paku Buwana III', 'Susuhunan Paku Buwana IV', 'Susuhunan Paku Buwana V', 'E', ''),
(2, 'SEJARAH', 372, 'B', 'Faktor yang menyebabkan otoritas penerus Kerajaan Mataram setelah perjanjian Giyanti makin lemah adalah....', 'Semua wilayah bekas kerajaan Mataram langsung dikuasai VOC', 'Semua masyarakat diwajibkan membayar pajak kepada belanda', 'Hilangnya rasa persaudaraan antar kerajaan di Jawa', 'Meningkatnya konflik antara Kesultanan dan Mangkunegara', 'Hilangnya wibawa kedua kerajaan di mata rakyat', 'E', ''),
(2, 'SEJARAH', 373, 'B', 'Karya sastra yang dapat digunakan sebagai sumber penulisan sejarah pada masa Hindu-Buddha di Nusantara adalah...', 'I La Galigo', 'Pararaton', 'Silpasastra', 'Tambo', 'Babad Tanah Jawi', 'E', ''),
(2, 'SEJARAH', 374, 'B', 'Bukti bahwa tradisi menulis sudah ada apda masa Karejaan Tarumanegara dapat dilihat pada prasasti...', 'Muara Karang', 'Pasir Panjang', 'Muara Takus', 'Jambu', 'Canggal', 'A', ''),
(2, 'SEJARAH', 375, 'B', 'Keberhasilan VOC menguasai perdagangan di kepulauan Indonesia pada dasarnya bukan semata-mmata karena keunggulan sistem dan teknollogi perkapalannya, melainkan karena melakukan intrik-intrik di kalangan raja-raja setempat, misalnya antara..', 'Sultan Antasari melawan Muhammad Syah', 'Sultan Iskandar muda melawan Iskandar Thani', 'Sultan Hairun melawan Baabullah', 'Sultan Agung melawan para bupati pesisir', 'Betul semua', '', 'C'),
(2, 'SEJARAH', 376, 'B', 'Munculnya gerakan DI (Darul Islam)/TII (Tentara Islam Indonesia) di Jawa Barat yang dipimpin oleh Kartowiryo disebabkan oleh..', 'Rasa tidak puas terhadap pemerintah RI', 'Keinginan Kartosuwiryo mendirikan negara berdasarkan hukum Islam', 'Rasa tidak puas terhadap hijrahnya pasukan TNI ke Jawa Tengah', 'Rasa tidak puas terhadap hasil perjanjian Renville', 'Keinginan memperbaiki taraf kehidupan masyarakat Jawa Barat', 'D', ''),
(2, 'SEJARAH', 377, 'B', 'Tembok besar cina yang panjangnya 2.450 km dibangun kurang lebih selama berabad-abad yang lalu. Kaisar pertama yang membangun teembok ini mendaapat julukan Kaisar Kuning. Ia adalah kaisar...', 'Liang Pang', 'Huang Ti', 'Han Kao Tsu', 'Han Wu Ti', 'Wu Ti', 'D', ''),
(2, 'SEJARAH', 378, 'B', 'Jakarta Informal Meeting diadakan dengan tujuan menyelesaikan masalah pengungsi Vietnam<br>\r\n<center><b>SEBAB</b></center><br>\r\nSejak Vietnam jatuh ke tangan komunis, banyak warga negara Vietnam mengungsi ke negara lain di Asian Tenggara.', '', '', '', '', '', 'B', ''),
(2, 'SEJARAH', 379, 'B', 'Pada tanggal 4 juli 1927 di Bandung berdiri Partai Nasional Indonesia, asas perjuangan PNI adalah...<br>\r\n(1) Nasional radikal<br>\r\n(2) Self help (mandiri)<br>\r\n(3) Non-kooperasi dengan pemerintah Belanda<br>\r\n(4) Persatuan Nasional', '', '', '', '', '', 'C', '');
INSERT INTO `soal` (`kode_jurusan`, `pelajaran`, `id_soal`, `paket`, `soal`, `opsi_a`, `opsi_b`, `opsi_c`, `opsi_d`, `opsi_e`, `jawaban`, `pembahasan`) VALUES
(2, 'SEJARAH', 380, 'B', 'Sumber sejarah yang dapat digunakan untuk merekontruksi proses masuknya Islam di Indonesia adalah..<br>\r\n(1) Catatan perjalan Ibnu Batutah<br>\r\n(2) Batu nisan Fatimah binti Maimun di Gresik<br>\r\n(3) Makan Sultan Malik Al-Saleh di Aceh<br>\r\n(4) Catatan perjalanan Marcopolo', '', '', '', '', '', 'C', ''),
(2, 'SEJARAH', 381, 'B', 'Perjanjian damai antara pemerintah Indonesia dan gerakan Aceh Mereka tahun 2005 ditandatangani di', 'Aceh', 'Jakarta', 'Swiss', 'Finlandia', 'Austria', 'A', ''),
(2, 'SEJARAH', 382, 'B', 'Di pulau Nias terdapat peninggalan bangunan yang terbuat dari batu, seperti Dolmen dan patung, sementara di Nagan Mahan Propinsi Sumatera Barat terdapat Menhir. Peninggalan sejarah di dua tempat tersebut dibuat pada masa', 'Paleolithikum', 'Mezolithikum', 'Neolithikum', 'Megalithikum', 'Pleistosen', 'C', ''),
(2, 'SEJARAH', 383, 'B', 'Ciri-ciri masyarakat kehidupan masyarakat zaman Paleolithikum adalah..<br>\r\n(1) Mengenal peralatan dari batu halus<br>\r\n(2) Mengenal peralatan dari tulang untuk berburu<br>\r\n(3) Mengenal moko sebagai alat pemujaan<br>\r\n(4) Alat-alat dibuat dari batu yang masih kasar', '', '', '', '', '', 'A', ''),
(2, 'SEJARAH', 384, 'B', 'Warisan terbesar bangsa Babilonia baru yang ada di Mesopotamia adalah..', 'Codex Hammurabi', 'Ziggurat', 'Hitungan Sixmagemmal', 'Perpustakaan', 'Taman Gantungan Babilonia', 'E', ''),
(2, 'SEJARAH', 385, 'B', 'Tahap-tahap penelitian sejarah adalah...', 'Heuristik, historiografi, verifikasi, dan interpretasi', 'Heuristik, interpretasi, berifikasi dan historiografi', 'Heuristik, kritik sumber, interpretasi dan historiografi', 'Heuristik, kritik sumber, verifikasi, dan historiografi', 'Heuristik, verifikasi, kritik sumber dan historiogafi', 'C', ''),
(2, 'SEJARAH', 386, 'B', 'Hasil kebudayaan masa pra-aksara yang berbentuk keranda dan tertutup disebut', 'Sarkofagus', 'Kuburan batu', 'Menhir', 'Dolmen', 'Pandhusa', 'E', ''),
(2, 'SEJARAH', 387, 'B', 'Indische Partij (IP) dilarang oleh pemerintah colonial Belanda karena faktor berikut, kecuali', 'IP menolah untuk merayakan kemerdekaan belanda dari spanyol', 'IP dianggap menghasut rakyat untuk melawan pemerintahan colonial Belanda', 'Salah seorang penditi IP, Suwardi Suryadiningrat mengkritik pemerintahan colonial dengan tulisannya Alks i keen Nederlander was (andaikan saya seorang Belanda)', 'IP menolah untuk merayakan 100 tahun pembebasan Belanda dari Inggris', 'IP dalam melakukan perjuangan menggunakan cara yang radikal', 'A', ''),
(2, 'SEJARAH', 388, 'B', 'Indikator pengekangan kebebasan berpolitik pada masa orde baru dapat diketahui melalui kebijakan-kebijakan dibawah, kecuali', 'Melarang PNS ikut pemilu', 'Melarang PNS mendirikan partai politik', 'Hanya mengizinkan tiga kontestan pemilu', 'Memperbolehkan militer terlibat dalam dunia politik', 'Mengerahkan PNS dan ABRI memilih partai politik tertentu', 'B', ''),
(2, 'SEJARAH', 389, 'B', 'Alasan pemerintah colonial Belanda memberlakukan cultuurstelsel adalah<br>\r\n(1) Deficit anggaran keuangan yang besar selama perang Diponegoro<br>\r\n(2) Kebijakan tersebut sesuai dengan kondisi masyarakat Nusantara yang agraris<br>\r\n(3) Belanda ingin memperoleh keuntungan besar dari perkebunan dan perdagangan<br>\r\n(4) Sistem penanaman tradisional tidak cocok dengan kepentingan perdagangan Belanda', '', '', '', '', '', 'E', ''),
(2, 'SEJARAH', 390, 'B', 'Latar belakang pembentukan APEC (Asia Pasific Economic Cooperation) adalah<br>\r\n(1) Munculnya kelompok-kelompok kerjasama bidang perdagangan regional ; AFTA dan NAFTA<br>\r\n(2) Adanya keinginan Negara-negara di kawasan Asia Pasifik mewujudkan One Community : one Future<br>\r\n(3) Adanya perubahan dalam bidang politik dan ekonomi di Uni Soviet dan Eropa Timur<br>\r\n(4) Adanya keinginan mewujudkan liberalisasi perdagangan dan investasi di kawasan Asia Pasifik', '', '', '', '', '', 'D', ''),
(2, 'SEJARAH', 391, 'B', 'Organisasi pergerakan kemerdekaan yang didirikan oleh Muhammad Hatta di negeri Belanda adalah..', 'Perhimpunan Pelajar Indonesia Belanda (PPIB)', 'Perhimpunan Pelajar Indonesia (PPI)', 'Perhimpunan Indonesia (PI)', 'Perhimpunan Pelajar dan Mahasiswa Indonesia (PPMI)', 'Indische Partij (IP)', 'A', ''),
(2, 'SEJARAH', 392, 'B', 'Dalam masyarakat tradisional Indonesia yang belum mengenal tulisan, kisah sejarah yang telah menjadi dua atau tiga generasi sebelumnya disampaikan melalui', 'Babad', 'Kakawin', 'Tradisi lisan', 'Mitos', 'Hikayat', 'A', ''),
(2, 'SEJARAH', 393, 'B', 'Sultan Hasanuddin menandatangani Perjanjian Bongaya dengan VOC pada tahun 1667<br>\r\n<center><b>SEBAB</b></center><br>\r\nDalam perang melawan VOC di Makassar, Sultan Hasanuddin dibantu oleh pasukan Bone dibawah pimpinan Aru Palakka', '', '', '', '', '', 'D', ''),
(2, 'SEJARAH', 394, 'B', 'Revolusi industry mengubah cara produksi dari kegiatan industry rumahan menjadi industry besar<br>\r\n<center><b>SEBAB</b></center><br>\r\nRevolusi Industri pertama kali terjadi di Inggris dan kemudian menyebar ke Negara-negara lain seperti Amerika Serikat, Jerman dan Perancis', '', '', '', '', '', 'C', ''),
(2, 'SEJARAH', 395, 'B', 'Berikut ini merupakan penyebab terjadinya reformasi gereja di Eropa pada abad ke-16 dan ke-17, kecuali..', 'Kekuasaan absolut yang diajarkan Paus', 'Perselisihan paham dan pandangan dikalangan umat', 'Kurang cakapnya para pemimpin agama', 'Penjual surat pengampunan dosa', 'Turut campurnya raja terhadap kehidupan beragama', 'B', ''),
(2, 'EKONOMI', 396, 'C', 'Untuk merangsang produk barang yang berorientasi ekspor pemerintah telah menetapkan kebijakan pemberian subsidi BBM terhadap perusahaan yang berorientasi ekspor. Dampak yang diinginkan oleh pemerintah dari kebijakan ini adalah', 'Akibat adanya subsidi BBM maka pengusaha memperoleh keuntungan yang lebih besar dari biasanya.', 'Adanya subsidi BBM maka biaya produksi menjadi rendah sehingga meningkatkan jumlah produksinya.', 'Akibat subsidi BBM akan mengurangi barang impor sehingga devisa Negara beertambah', 'Adanya subsidi BBM harga barang berorientasi ekspor menjadi murah dan mampu bersaing dengan produk Negara lain.', 'Subsidi BBM akan merangksang masyarakat untuk menjadi wirausaha sehingga dapat menyedot pengangguran.', 'B', ''),
(2, 'EKONOMI', 397, 'C', 'Ifa mempunyai uang Rp 10.528.000,00 mau pergi ke Amerika dan ia menukarkan uangnya dengan USD. Jika diketahui kurs yang berlaku<br> \r\nkurs jual US $ 1 = Rp 9.400,00 dan<br>\r\n kurs beli US $ 1 = 9.200,00.<br> \r\nSetelah pulang dari Amerika sisa yang Ifa US $500, jika kurs uang tidak berubah maka sisa uang Ifa dalam rupiah adalah', 'Rp 4.200.000,00', 'Rp 4.400.000,00', 'Rp 4.600.000,00', 'Rp 4.800.000,00', 'Rp 5.000.000,00', 'C', ''),
(2, 'EKONOMI', 398, 'C', 'Dunia usaha dapat memperoleh tambahan modal untuk melakukan ekspansi usahanya. Pernyataan tersebut merupakan manfaat dari', 'Pasar uang', 'Pasar efek', 'Pasar valuta asing', 'Pasar komoditas', 'Pasar barang', 'B', ''),
(2, 'EKONOMI', 399, 'C', 'Perhatikan pernyataan-pernyataan berikut:<br>\r\n1)Pak Dika bertugas sebagai pengatur dan mengkoordinasikan penggunaan sumber daya secara efektif dan efisien dalam rangka menciptakan/menambah nilai guna barang atau jasa.<br>\r\n2)Pak Adit bertugas sebagai pengumpul, pencatat, menganalisis dan melaporkan keuangan perusahaan sebagai bahan pengambil keputusan.<br>\r\n3)Pak Anjas bertugas dibagian perencanaan, pengorganisasian, dan pengawasan terhadap karyawan, sehingga efektif dan efisien.<br>\r\n4)Pak Teguh bertugas menangani penetapan harga, promosi serta distribusi barang dan jasa hingga memberikan pelayanan purna jual.<br>\r\nBerdasarkan pernyataan di atas maka yang bertugas di manajemen pemasaran adalah pak', 'Dika', 'Anjas', 'Adit', 'Teguh', 'Andre', 'D', ''),
(2, 'EKONOMI', 400, 'C', 'Pernyataan dibawah ini merupakan kebaikan dan kekurangan dari perusahaan perseorangan:<br>\r\n1)Mudah dalam mengambil keputusan<br>\r\n2)Laba perusahaan jatuh ke tangan satu orang<br>\r\n3)Tanggung jawab pemilik tidak terbatas<br>\r\n4)Kelangsungan hidup perusahaan kurang terjamin<br>\r\n5)Pendiri badan usaha mudah dan murah<br>\r\n6)Kerugian ditanggung sendiri<br><br>\r\nPernyataan diatas yang merupakan kelemahan dari perusahaan perseorangan adalah', '1, 2 dan 3', '1, 3 dan 5', '1, 4 dan 6', '2, 4 dan 5', '3, 4 dan 6', 'E', ''),
(2, 'EKONOMI', 401, 'C', 'Penduduk Desa A sebagian besar berprofesi sebagai nelayan. Untuk meningkatkan kesejahteraannya mereka akan mendirikan koperasi yang diberi nama Koperasi Baruna. Tingkatan koperasi yang didirikan tersebut tergolong', 'Koperasi primer', 'Koperasi sekunder', 'Pusat koperasi', 'Gabungan koperasi', 'Induk koperasi', 'A', ''),
(2, 'EKONOMI', 409, 'C', '1a97f94385c9a4e8e49fbbcfedb5c1b0.JPG', 'A1 dan B1', 'A1  dan B2', 'A2 dan B1', 'A3 dan B2', 'A3 dan B3', 'D', ''),
(2, 'EKONOMI', 410, 'C', '14.Dibeli suatu barang dengan rincian sebagai berikut:<br>\r\nHarga faktur          Rp 10.000.000<br>\r\nPotongan tunai    Rp.     500.000<br>\r\nDibayar kas            Rp 9. 500.000<br>\r\nPeristiwa tersebut dicatat secara akuntansi sebagai berikut :<br>\r\n(1) Kredit dalam kas  Rp 9.500.000<br>\r\n(2) Debet dalam pembelian Rp. 10.000.000<br>\r\n(3) Kredit dalam potongan tunai Rp. 500.000<br>\r\n(4) Debet dalam potongan tunai Rp. 500.000', '', '', '', '', '', 'A', ''),
(2, 'EKONOMI', 403, 'C', 'Dibawah ini adalah contoh kegiatan usaha yang dapat dilakukan oleh masyarakat :<br>\r\n1)Pak Andi berjualan bakso keliling untuk membiayai kebutuhan hidup rumah tangganya<br>\r\n2)Pak Alif, Pak Reno dan Ibu Lala mendirikan perusahaan berbentuk PT yang akan bergerak dalam produksi sepatu kulit<br>\r\n3)Ibu Yoan berbelanja sayuran di pasar induk untuk dijual kembali kepada masyarakat disekitar rumahnya<br>\r\n4)Astra Internasional center merupakan main dealer sepeda motor merek Honda setiap bulannya mampu menjual 250 unit motor<br>\r\n5)Keluarga bapak Santoso sepakat mendirikan Usaha Dagang (UD) dengan bentuk Firma (Fa) yang bergerak dalam perdagangan alat-alat bangunan.<br>\r\n6)Ibu Dendi dalam membantu ekonomi keluarganya mendirikan waring Tegal (warteg)<br><br>\r\nKegiatan usaha diatas yang tergolong sector usaha informal adalah', '1, 3 dan 5', '1, 3 dan 6', '2, 3 dan 5', '3, 5 dan 6', '4, 5 dan 6', 'B', ''),
(2, 'EKONOMI', 404, 'C', 'Sejumlah anggaran dalam APBN akan digunakan oleh pemerintah untuk membangun infrastruktur seperti perbaikan jalan, membangun terminal, stasiun kereta api dan lainnya. Pengeluaran diatas menunjukkan adanya keterkaitan fungsi APBN yaitu berfungsi', 'Distribusi', 'Stabilisasi', 'Alokasi', 'Aplikasi', 'Efisiensi', 'C', ''),
(2, 'EKONOMI', 405, 'C', 'Berikut ini kebijakan moneter dan fiscal :\r\n1)Politik pasar terbuka<br>\r\n2)Pembatasan pemberian kredit<br>\r\n3)Menaikkan pajak pendapatan<br>\r\n4)Mengurangi pengeluaran pemerintah<br>\r\n5)Menaikkan suku bunga<br>\r\nYang termasuk kebijakan moneter adalah..', '1, 2 dan 3', '1, 2 dan 5', '2, 3 dan 4', '2, 4 dan 5', '3, 4 dan 5', 'B', ''),
(2, 'EKONOMI', 406, 'C', 'Berikut ini sumber pendapatan negara yang berasal dari penerimaan pajak dan penerimaan bukan pajak :<br>\r\n1)Bea masuk<br>\r\n2)Bagian laba BUMN<br>\r\n3)Cukai<br>\r\n4)Pajak penghasilan<br>\r\n5)Penerimaan sumber daya alam<br>\r\nYang termasuk penerimaan pajak adalah', '1, 2 dan 3', '1, 3 dan 4', '2, 3 dan 4', '2, 4 dan 5', '3, 4 dan 5', 'B', ''),
(2, 'EKONOMI', 407, 'C', 'Pada bulan Juni 2010 indek harga konsumen sebesar 209 dan indek harga konsumen pada bulan Mei tahun yang sama sebesar 199. Berdasarkan data diatas maka besarnya laju inflasi pada bulan Juni 2010 adalah', '2,50%', '3,00%', '3,50%', '3,88%', '5,00%', 'E', ''),
(2, 'EKONOMI', 408, 'C', 'Diketahui fungsi konsumsi nasional C = 50 trilyun + 0,7 Y. jika pendapatan nasional Rp 900 trilyun, besarnya tabungan masyarakat adalah', 'Rp 850 trilyun', 'Rp 680 trilyun', 'Rp 220 trilyun', 'Rp 22 trilyun', 'Rp 20 trilyun', 'C', ''),
(2, 'EKONOMI', 411, 'C', '58206a0ea1519cfa98de0ccdc65bef0d.JPG', '0,10', '0,11', '0,15', '0,16', '0,26', 'A', ''),
(2, 'EKONOMI', 412, 'A', 'Dari sebuah perusahaan diperoleh informasi bahwa pada awal periode, modal awal pemilik tercatat sebesar Rp 32,00 milyar dan asset total sebesar Rp 79,00 milyar.<br> Selama periode berjalan asset meningkat sebesar 50%, sementara utang turun sebesar 60%. Berapakah modal pemilik pada akhir periode?', 'Rp 43,30 milyar', 'Rp 47,00 milyar', 'Rp 99,70 milyar', 'Rp 105,00 milyar', 'Rp 109,40 milyar', 'C', ''),
(2, 'EKONOMI', 413, 'C', 'a2124c3040f4862dcbe9cb2679acc48c.JPG', 'A1, B1 dan C1', 'A1, B2 dan C2', 'A2, B1 dan C2', 'A3, B1 dan C1', 'A3, B3 dan C3', 'A', ''),
(2, 'EKONOMI', 414, 'C', 'Dari sebuah perusahaan diperoleh informasi bahwa pada awal periode, modal awal pemilik tercatat sebesar Rp 32,00 milyar dan asset total sebesar Rp 79,00 milyar.<br> Selama periode berjalan asset meningkat sebesar 50%, sementara utang turun sebesar 60%. Berapakah modal pemilik pada akhir periode?', 'Rp 43,30 milyar', 'Rp 47,00 milyar', 'Rp 99,70 milyar', 'Rp 105,00 milyar', 'Rp 109,40 milyar', 'C', ''),
(2, 'EKONOMI', 415, 'C', 'Perhatikan beberapa kebijakan yang dilakukan oleh Bank Indonesia.<br>\r\n1) Bank Indonesia mengeluarkan SBI dengan pecahan Rp10.000.000,00  yang akan dilempar ke pasar uang dalam bulan tersebut.<br>\r\n2) Dalam upaya menggairahkan dunia usaha telah diturunkan suku bunga bank sebesar 1,75%<br>\r\n3) Dalam rangka menjaga tingkat likuidtas dunia perbankan didalam negeri Bank Indonesia menaikkan cash<br>\r\n4) Bank Indonesia menetapkan akan membeli kembali SBI pecahan Rp500.000.000,00 yang telah beredar di masyarakat selama setahun<br>\r\n5) Bank Indonesia telah menetapkan menaikkan suku bunga dari 7% menjadi 7,5%.<br><br>\r\nKebijakan diatas yang dapat mengurangi jumlah uang yang beredar di masyarakat adalah', '1, 2 dan 3', '1, 3 dan 5', '2, 3 dan 4', '2, 4 dan 5', '3, 4 dan 5', 'B', ''),
(2, 'EKONOMI', 416, 'C', 'Perhatikan kegiatan berikut ini:<br>\r\n1)Sartono memutuskan untuk tidak jajan hari ini karena uangnya lebih baik untuk membeli buku pelajaran<br>\r\n2)Toni selalu menonton sepak bola tim kesebelasan idolanya bertanding<br>\r\n3)Petani memilih menanam kedelai pada musim tanam ini dan tidak menanam jagung<br>\r\n4)Bu siti setiap hari memakan buah-buahan sesuai anjuran dokter pribadinya<br> \r\n5)Pak Cipto pergi ke kantor naik sepeda motor yang dibeli seminggu lalu<br><br>\r\nKegiatan diatas yang merupakan biaya peluang adalah...', '1 dan 2', '1 dan 3', '2 dan 3', '3 dan 4', '4 dan 5', 'B', ''),
(2, 'EKONOMI', 417, 'C', 'Pada saat harga Rp 15.000,00 permintaan bola lampu sebesar 4000 buah, setiap kenaikan harga Rp 1.000,00 permintaannya turun 500 buah. Berdasarkan data tersebut fungsi permintaannya adalah...', '22e4c4aef72f3acb56d79c6950c9284b.JPG', '76f29f0d47e8f12e3e308700bb20fc3d.JPG', '86ac883913ded04e2460635a61849252.JPG', 'Q = 5P + 11500', 'Q = -5P + 11500', 'A', ''),
(2, 'EKONOMI', 418, 'C', 'Masyarakat Jakarta, Bogor dan Bekasi menilai angkutan KRL merupakan alat transportasi yang efektif dan efisien, artinya KRL memiliki...', 'Nilai pakai obyektif', 'Nilai tukar  obyektif', 'Nilai pakai subyektif', 'Nilai tukar subyektif', 'Nilai tukar dan nilai pakai', 'A', ''),
(2, 'EKONOMI', 419, 'A', 'Jika pak Dika memiliki saham 100 lot saham PT Telkom dan hendak menjual saham sebanyak 50 sahamnya, maka pak Dika harus menjual ke...', 'Pasar produk', 'Pasar induk', 'Pasar faktor produksi', 'Pasar primer', 'Pasar sekunder', 'C', ''),
(2, 'EKONOMI', 420, 'C', 'Data yang diperlukan dalam perhitungan pendapatan nasional :<br>\r\n-Sewa tanah          Rp 2.000.000,00<br>\r\n-Investasi              Rp 1.000.000,00<br>\r\n-Laba usaha          Rp 100.000,00<br>\r\n-Belanja pemerintah           Rp 500.000,00<br>\r\n-Ekspor                               Rp 750.000,00<br>\r\n-Upah tenaga kerja             Rp 750.000,00<br>\r\n-Impor                                Rp 500.000,00<br>\r\n-Bunga modal                    Rp 400.000,00<br>\r\n-Konsumsi masyarakat      Rp 2.000.000,00<br><br>\r\nBerdasarkan data diatas maka besarnya pendapatan nasional dengan pendekatan pengeluaran adalah', 'Rp 500.000,00', 'Rp 2.750.000,00', 'Rp 3.250.000,00', 'Rp 3.500.000,00', 'Rp 3.750.000,00', 'E', ''),
(2, 'EKONOMI', 421, 'C', 'Dalam pasar persaingan sempurna proses terbentuknya pasar tenaga kerja adalah..', '<p>Tenaga kerja dan pengusaha sama-sama tergabung dalam organisasinya masing-masing</p>', '<p>Permintaan tenaga kerja dilakukan secara kolektif oleh perusahaan yang tergabung dalam serikat pengusaha.</p>', '<p>Penawaran tenaga kerja tidak secara induvidu, tetapi tergabung dalam organisasi pekerja.</p>', '<p>Tenaga kerja bebas melakukan penawaran dan tidak terikat oleh organisasi pekerja.</p>', '<p>Perekrutan tenaga kerja dilakukan dengan mediator pemerintahan ehingga tidak ada yang dirugikan dan diuntungkan</p>', 'D', ''),
(2, 'EKONOMI', 422, 'C', 'Salah satu lembaga penunjang pasar modal adalah Biro Administrasi Efek (BAE), lembaga ini berfungsi...', '<p>Mewakili para pemegang obligasi dan sekuritas kredit baik didalam maupun diluar pengadilan mengenai hak-hak pemegang obligasi atau sekuritas kredit</p>', '<p>Menilai kembali aktiva emiten yang bertujuan untuk mengetahui besarnya nilai wajar aktiva emiten sebagai dasar melakukan emisi pada pasar modal</p>', '<p>Menyediakan pelayanan/jasa kepada emiten dalam bentuk catatan dan pemindahan kepemilikan efek-efek tertentu serta menyampaikan laporan tahunan kepada emiten tentang posisi efeknya</p>', '<p>Memeriksa laporan keuangan emiten sesuai dengan prinsip akuntansi yang berlaku di Indonesia serta ketentuan Bapepam</p>', '<p>Melayani jasa penitipan efek dan harta lainnya yang berkaitan dengan efek seperti menerima bunga, deviden dan hak lainnya untuk menyelesaikan transaksi.</p>', 'C', ''),
(2, 'EKONOMI', 423, 'C', 'Jika pak Dika memiliki saham 100 lot saham PT Telkom dan hendak menjual saham sebanyak 50 sahamnya, maka pak Dika harus menjual ke...', 'Pasar produk', 'Pasar induk', 'Pasar faktor produksi', 'Pasar primer', 'Pasar sekunder', 'C', ''),
(2, 'GEOGRAFI', 424, 'C', 'Suatu wilayah dalam peta yang digambarkan dengan simbol warna hijau menunjukkan daerah tersebut berupa', 'Pegunungan', 'Hutan', 'Dataran rendah', 'Dataran tinggi', 'Perbukitan', 'C', ''),
(2, 'GEOGRAFI', 425, 'C', 'Peta yang menggambarkan struktur batuan penyusun kulit bumi disebut peta', 'Geografi', 'Geomorfologi', 'Tanah', 'Arkeologi', 'Geologi', 'E', ''),
(2, 'GEOGRAFI', 426, 'C', 'Inset adalah', 'Daftar nama-nama objek geografi pada atlas yang dilengkapi dengan halaman serta posisi geografi untuk memudahkan pembaca', 'Peta ukuran kecil yang disisipkan pada peta utama untuk tujuan-tujuan tertentu misalnya untuk mengetahui posisi daerah yang dipetakan', 'Daftar katalog nama-nama objek geografi secara alfabetis pada atlas yang dilengkapi dengan halaman serta posisi geografi', 'Peta yang menggambarkan raut muka Bumi terutama berhubungan dengan morfologi dasar laut', 'Peta yang dilengkapi dengan garis-garis kontur serta bentuk muka bumi dan visual bumi lainnya', 'B', ''),
(2, 'GEOGRAFI', 427, 'C', 'Gradasi warna air laut disetiap tempat berbeda. hal tersebut menunjukkan..', 'Jenis laut pada peta', 'Tingkat kedangkalan laut', 'Bagian laut', 'Unsur-unsur laut', 'Tingkat kedalaman laut', 'E', ''),
(2, 'GEOGRAFI', 428, 'C', 'Proyeksi yang paling tepat untuk menggambarkan daerah-daerah tropis adalah', 'Proyeksi datar', 'Proyeksi silinder', 'Proyrksi kerucut', 'Proyeksi conical', 'Proyeksi azimuthal', 'B', ''),
(2, 'GEOGRAFI', 429, 'C', 'Penulisan sungai pada peta harus ditulis dengan', 'Huruf besar', 'Huruf kecil', 'Huruf miring', 'Huruf tegak', 'Huruf tebal', 'C', ''),
(2, 'GEOGRAFI', 430, 'C', 'Garis kontur yang rapat pada sebuah peta topografi menunjukkan bahwa daerah tersebut memiliki bentuk wilayah', 'Lembah', 'Bukit', 'Datar', 'Terjal', 'Danau', 'D', ''),
(2, 'GEOGRAFI', 431, 'C', 'Apabila jarak A ke B di peta adalah 5 cm dengan sala 1 : 300.000, kemudian jarak A ke B pada peta yang baru adalah 15 cm, berapakah skala pembesarannya?', '1 : 1.000', '1 : 10.000', '1 : 100.000', '1 : 1.000.000', '1 : 10.000.000', 'B', ''),
(2, 'GEOGRAFI', 432, 'C', 'Proses pemindahan massa batuan yang disebabkan oleh gaya berat batuan itu sendiri dinamakan', 'Erosi', 'Pelapukan', 'Sedimentasi', 'Masswasting', 'Denudasi', 'D', ''),
(2, 'GEOGRAFI', 433, 'C', 'Dalam interpretasi foto udara, tekstur wilayah pegunungan akan Nampak seperti :', 'Halus', 'Kasar', 'Merah', 'Hiitam', 'Biru', 'B', ''),
(2, 'GEOGRAFI', 434, 'C', 'Karakteristik utama penggunaan peta untuk kepentingan Sistem Informasi Geografi (SIG), adalah', 'Penggunaan streoskop', 'Pemanfaatan peta topografi', 'Tumpangsusun', 'Pengunaan digitizer', 'Menghitung interval kontur', 'D', ''),
(2, 'GEOGRAFI', 435, 'C', 'Suatu daerah yang memiliki ketinggian 800 meter dari permukaan laut diperkirakan akan memiliki tekanan udara sebesar :', '60 cmHg', '68 cmHg', '70 cmHg', '76 cmHg', '82 cmHg', 'B', ''),
(2, 'GEOGRAFI', 436, 'C', 'Bagaimana dampak lokal maupun global kelangkaan air pada sektor pertanian?', 'Roda perekonomian petani terhambat', 'Bahaya kelaparan dan kemiskinan', 'Wabah penyakit tanaman meluas', 'Kesinambungan ketahanan pangan', 'Konflik antar petani dalam penggunaan air', 'B', ''),
(2, 'GEOGRAFI', 437, 'C', 'Fauna khas wilayah pulau Sulawesi yang biasa hidup di ekosistem pantai adalah:', 'Cendrawasih', 'Badak', 'Kanguru', 'Harimau', 'Maleo', 'E', ''),
(2, 'GEOGRAFI', 438, 'C', 'Jenis penyimpangan hujan yang terjadi di kawasan industry yang memiliki gas emisi buang cukup tinggi dinamakan :', 'Hujan orografis', 'Hujan frontal', 'Hujan pegunungan', 'Hujan zenithal', 'Hujan asam', 'E', ''),
(2, 'GEOGRAFI', 439, 'C', 'Batas wilayah perairan laut antara Malaysia dengan Indonesia di Selatan Malaka menggunakan :', 'Laut territorial', 'ZEE', 'Batas landas kontine', 'Laut bebas', 'Zona neritic', 'B', ''),
(2, 'GEOGRAFI', 440, 'C', 'Pola pemanfaatan lahan kota yang didasarkan atas potensi sektor-sektor tertentu merupakan aplikasi dari teori :', 'Konsentrik', 'Sektoral', 'Inti berganda', 'RTRW', 'Ketergantungan', 'B', ''),
(2, 'GEOGRAFI', 441, 'C', 'Contoh industry fasilitatif yang banyak terdapat di Negara kita saat ini adalah..', 'Pengolahan susu murni', 'Pembuatan pakan ternak', 'Perhotelan', 'Tekstil', 'Semen', 'C', ''),
(2, 'GEOGRAFI', 442, 'C', 'Bunga Raflesia hanya cocok tumbuh di daerah pendataran tinggi dengan suhu udara yang relative rendah. Hal tersebut berarti Raflesia termsuk tipe :', 'Saprofit', 'Xerofit', 'Epifit', 'Hidrofit', 'Parasit', 'E', ''),
(2, 'GEOGRAFI', 443, 'C', 'Minyak bumi dikelompokkan pada barang tambang organic<br>\r\n<center><b>SEBAB</b></center><br>\r\nTambang minyak bumi berasal dari organism yang berasal dari tumbuhan', '', '', '', '', '', 'D', ''),
(2, 'GEOGRAFI', 444, 'C', 'Sumber daya geothermal termasuk jenis sumber daya alam organic<br>\r\n<center><b>SEBAB</b></center><br>\r\n Geothermal berasal dari zat kayu yang mengalami metamorphosis dynamo', '', '', '', '', '', 'E', ''),
(2, 'GEOGRAFI', 445, 'C', 'Desa yang mampu mengembangkan potensi-potensi sumber daya secara optimal, dan daya interaksinya dengan wilayah luar sangat tinggi disebut', 'Desa swadaya', 'Desa swakarya', 'Desa swasembada', 'Desa tertinggal', 'Desa transisi', 'C', ''),
(2, 'GEOGRAFI', 446, 'C', 'Kota yang berasal dari perkembangan desa yang sudah tidak teratur, sehingga tampak memperlihatkan ciri-ciri perkotaan disebut', 'Eopolis', 'Metropolis', 'Polis', 'Megapolis', 'Tryanopolis', 'A', ''),
(2, 'GEOGRAFI', 447, 'C', 'Sungai-sungai di Indonesia pada umumnya kering di musim kemarau dan banjir di musim hujan. Kondisi ini menggambarkan bahwa sungai-sungai di Indonesia umumnya berkaitan erat dengan curah hujan, kecuali Sungai Mamberamo dan Sungai Digul di Papua.<br>\r\nDilihat dari sumber airnya, sungai Mamberamo termasuk sungai', 'Hujan', 'Glasial', 'Campuran', 'Periodek', 'Ephemeral', 'C', ''),
(2, 'GEOGRAFI', 448, 'C', 'Berikut ini adalah contoh dari hewan di Indonesia yang bercorak wilayah peralihan yang terletak antara garis Wallace dan garis Weber ', 'Gajah, harimau, komodo', 'Kanguru, cendrawasih, kasuari', 'Badak, harimau, kera, panda', 'Komodo, anoa. Maleo', 'Kuskus, kanguru, komodo', 'D', ''),
(2, 'SOSIOLOGI', 449, 'C', 'Faktor pendorong setiap orang yang tergerak tanpa berpikir panjang lagi setelah menyaksikan iklan suatu produk makanan utuk segera mengkonsumsi adalah faktor', 'Identifikasi', 'Empati', 'Sugesti', 'Imitasi', 'Simpati', 'C', ''),
(2, 'SOSIOLOGI', 450, 'C', 'Perbedaan peranan antara laki-laki dan perempuan yang dikontruksikan secara social disebut..', 'Kodrat', 'Emansipasi', 'Gender', 'Diskriminasi', 'Feminis', 'C', ''),
(2, 'SOSIOLOGI', 451, 'C', 'Sistem kasta di India membuat anggotanya memiliki status yang sama seumur hidupnya. Hal ini merupakan contoh dari bentuk stratifikasi', 'Tertutup', 'Terbuka', 'Seumur hidup', 'Keturunan', 'Terjadi dengan sendirinya', 'D', ''),
(2, 'SOSIOLOGI', 452, 'C', 'Kondisi perkembangan antara unsur kebudayaan materiil dan nonmaterial belum berjalan seiring akan menghasilkan kultural', 'Determination', 'Assimilation', 'Lag', 'Relativism', 'Change', 'C', ''),
(2, 'SOSIOLOGI', 453, 'C', 'Teori yang menjelaskan perubahan social sebagai perkembangan bertahap, dari sederhana menuju kompleks adalah teori', 'Siklus', 'Melingkar', 'Linier', 'Perjuangan kelas', 'Pertumbuhan ekonomi', 'C', ''),
(2, 'SOSIOLOGI', 454, 'C', 'Hubungan timbal balik yang saling mempengaruhi disebut', 'Kausal', 'Simultan', 'Resiprokal', 'Periodic', 'Diadik', 'C', ''),
(2, 'SOSIOLOGI', 455, 'C', 'Kegunaan utama sosiologi adalah mengkaji masyarakat pluralistic, kecuali', 'Mempertimbangkan berbagai fenomena social yang terlepas dari prasangka subjektif', 'Pemahaman terhadap pola tingkah laku manusia yang bersifat individu', 'Meilhat kecenderungan perubahan pola tingkah laku anggota masyarakat', 'Kemampuan untuk mampu meramalkan apa yang akan terjadi pada masyarakat', 'Kemampuan untuk dapat membantu menyelesaikan masalah social pada masyarakat', 'D', ''),
(2, 'SOSIOLOGI', 456, 'C', 'Pada masyarakat modern yang kompleks, konflik social sering terjadi.<br>\r\n<center><b>SEBAB</b></center><br>\r\nKonflik sosial terjadi karena perbedaan kepentingan dan kebutuhan baik individu maupun kelompok.', '', '', '', '', '', 'A', ''),
(2, 'SOSIOLOGI', 457, 'C', 'Kondisi homopilus akan memperlancar interaksi social. Homopilus berarti kesamaan dalam hal<br>\r\n(1) Status social<br>\r\n(2) Kepentingan<br>\r\n(3) Usia<br>\r\n(4) Pekerjaan', '', '', '', '', '', 'E', ''),
(2, 'SOSIOLOGI', 458, 'C', 'Pernyataan berikut mencerminkan keberhasilan proses sosialisasi<br>\r\n(1) Berperilaku sesuai norma dan nilai yang berlaku<br>\r\n(2) Berperilaku sesuai dengan kebiasaan keluarga<br>\r\n(3) Berperilaku sesuai dengan perilaku orang tuanya<br>\r\n(4) Berperilaku tergantung situasi dan kondisi yang dihadapinya.', '', '', '', '', '', 'A', ''),
(2, 'SOSIOLOGI', 459, 'C', 'Faktor penyebab munculnya stratifikasi social<br>\r\n(1) Setiap masyarakat memiliki kebutuhan dan kepentingan yang berbeda<br>\r\n(2) Adanya posisi tertentu dalam masyarkat yang diperebutkan<br>\r\n(3) Adanya penghargaan yang lebih pada seseorang atau kelompok dalam masyarakat<br>\r\n(4) Adanya pandangan bahwa persamaan melambangkan keadilan', '', '', '', '', '', 'A', ''),
(2, 'SOSIOLOGI', 460, 'C', 'Seseorang dapat mengalami perubahan status social yang lebih baik daripada sebelumnya karena<br>\r\n(1) Pendidikan<br>\r\n(2) Prestasi<br>\r\n(3) Hasil kerja keras<br>\r\n(4) Keturunan', '', '', '', '', '', 'A', ''),
(2, 'SOSIOLOGI', 461, 'C', 'Wujud penggolongan diferensiasi social secara horizontal dalam kehidupan masyarakat adalah', 'Umur, suku bangsa, jenis kelamin, ekonomi', 'Politik, ekonomi, ras, jenis kelamin, ekonomi', 'Profesi, ekonomi, ras, agama, suku bangsa', 'Suku bangsa, ekonomi, jenis kelamin, agama', 'Ras, jenis kelamin, suku bangsa, agama', 'E', ''),
(2, 'SOSIOLOGI', 462, 'C', 'Revousi industry di Eropa yang menyebabkan terjadinya perubahan social pada masyarakat dan mendorong penemuan teknologi baru disebut', 'Innovation', 'Diffusion', 'Tentation', 'Discovery', 'Invention', 'E', ''),
(2, 'SOSIOLOGI', 463, 'C', 'Dalam perselisihan rumah tangga, masing-masing pihak bersikukuh terhadap  pendapat dan keinginan masing-masing sehingga mereka menghadirkan pihak ketiga untuk menyelesaikannya. Penyelesaian yang demikian itu termasuk bentuk akomodasi..', 'Arbitrasi', 'Koersi', 'Kooptasi', 'Ajudikasi', 'Mediasi', 'A', ''),
(2, 'SOSIOLOGI', 464, 'C', 'Masyarakat Indonesia adalah multicultural yang terdiri atas berbagai suku, agama, bahasa, dan berbagai wujud budaya lainnya sehingga menjadi rentan terhadap disintegrasi bangsa<br>\r\n<center><b>SEBAB</b></center><br>\r\nKemajemukan masyarakat Indonesia seharusnya menjadi modal dasar social bagi persatuan dan kesatuan bangsa', '', '', '', '', '', 'A', ''),
(2, 'SOSIOLOGI', 465, 'C', 'Akhir-akhir ini banyak tayangan media massa elektronik tentang penculikan, pembunuhan, pemerkosaan dan kejahatan lainnya.<br>\r\n<center><b>SEBAB</b></center><br>\r\nTugas media massa sebagai agen sosialisasi dan edukasi masyarakat harus menayangkan informasi sebagaimana adanya', '', '', '', '', '', 'B', ''),
(2, 'SOSIOLOGI', 466, 'C', 'Marten yang beragama Kristen adalah pengusaha muda dari Papua. Aditya yang beragama Islam adalah kontaktor berpengalaman dari Jawa. Kadek yang beragama Hindu adalah pengusaha hotel dari Bali. Perbedaan kenyataan tersebut merupakan bentuk diferensiasi social berdasarkan<br>\r\n(1) Profesi<br>\r\n(2) Agama<br>\r\n(3) Suku bangsa<br>\r\n(4) Umur', '', '', '', '', '', 'A', ''),
(2, 'SOSIOLOGI', 467, 'C', 'Pola perilaku sebagian masyarakat kota di Indonesia menganggan bahwa kesenangan dari kenikmatan materi adalah tujuan utama dalam hidup. Bentuk dari perilaku tersebut adalah<br>\r\n(1) Hedonis <br>\r\n(2) Konsumtif<br>\r\n(3) Materialis<br>\r\n(4) Asketis', '', '', '', '', '', 'B', ''),
(2, 'SOSIOLOGI', 468, 'C', 'Ari anak dari keluarga kerkecukupan yang sejak kecil dimanja dan semua keinginannya dipenuhi. Setelah dewasa Ari bersifat individualis dan seenaknya sendiri melanggar norma social. Perilaku Ari tesebut sebagai akibat<br>\r\n(1) Sosialisasi yang tidak sempurna<br>\r\n(2) Perilaku orang tuanya<br>\r\n(3) Longgarnya nilai norma dalam keluarga<br>\r\n(4) Subkebudayaan yang menyimpang', '', '', '', '', '', 'B', ''),
(2, 'SOSIOLOGI', 469, 'C', 'Sifat pluralistic masyarakat Indonesia ditunjukkan oleh adanya keragaman..<br>\r\n(1) Jenis kelamin, suku bangsa, dan agama<br>\r\n(2) Pekerjaan, keahlian, dan ras<br>\r\n(3) Ras, klas, bahasa, dan pendidikan<br>\r\n(4) Suku, ras, dan agama', '', '', '', '', '', 'D', ''),
(2, 'SOSIOLOGI', 470, 'C', 'Perbedaan status individu dalam masyarakat berdasarkan usia disebut perbedaan', 'Sistem merit', 'Senioritas', 'Gender', 'Kekerabatan', 'Pendidikan', 'B', ''),
(2, 'SOSIOLOGI', 471, 'C', 'Penjenjangan social dalam masyarakat yang menggunakan ukuran kekuasaan, privilege, dan prestise dapatan dikategorikan sebagai penjenjangan berdasarkan<br>\r\n(1) Ekonomi<br>\r\n(2) Etnis<br>\r\n(3) Politis<br>\r\n(4) kelas', '', '', '', '', '', 'B', ''),
(2, 'SEJARAH', 472, 'C', 'Warisan terbesar bangsa Babilonia baru yang ada di Mesopotamia adalah..', 'Codex Hammurabi', 'Ziggurat', 'Hitungan Sixmagemmal', 'Perpustakaan', 'Taman Gantung Babilonia', 'E', ''),
(2, 'SEJARAH', 473, 'C', 'Setelah gerakan 30 september/PPKI 1965, presiden Soekarno mengeluarkan Surat perintah 11 Maret 1966 (supersemar). Tujuan dikeluarkannya Supersemar adalah', 'Memberi mandate pada Letjen Soeharto untuk menjadi pejabat presiden', 'Memerintahkan pada Letjen Soeharto selaku Pangkostrad untuk menghancurkan PKI karena sebagai dalang G.30.S/PKI', 'Menugaskan Letjen Soeharto untuk mereshuffle cabinet karena banyak yang terlibat G.30.S/PKI.', 'Memberi wewenang pada Letjen Soeharto untuk melaksanakan Tritura yang disuarakan oleh KAMI', 'Memberi wewenang pada Letjen Soeharto selaku Pangkostrad untuk mengamankan dan mengembalikan ketertiban Jakarta setelah G.30.S/PKI', 'E', ''),
(2, 'SEJARAH', 474, 'C', 'Tahap-tahap penelitian sejarah adalah', 'Heuristic, histografi, verifikasi, dan interpretasi', 'Heuristic, interpretasi, verifikasi, dan historiografi', 'Heuristic, kritik sumber, interpretasi dan historiografi', 'Heuristic, kritik sumber, verifikasi, dan historiografi', 'Heuristic, verifikasi, kritik sumber dan historiografi', 'C', ''),
(2, 'SEJARAH', 475, 'C', 'Hasil kebudayaan masa pra-aksara yang berbentuk keranda dan tertutup disebut', 'Sarkofagus', 'Kuburan batu', 'Menhir', 'Dolmen', 'Pandhusa', 'A', ''),
(2, 'SEJARAH', 476, 'C', 'Indische Partij (IP) dilaeang orleh pemerintah colonial Belanda karena faktor berikut, kecuali..', 'IP menolak untuk merayakan kemerdekaan Belanda dari Spanyol', 'IP dianggap menghasut rakyat untuk melawan colonial Belanda', 'Salah seorang pendiri IP, Suwardi Suryadiningrat mengkritik pemerintahan colonial Belanda dengan tulisannya Alks ik een Nederlander was (andaikan saya seorang Belanda)', 'IP menolak untuk merayakan 100 tahun pembebasan Belanda dari Inggris', 'IP dalam melakukan perjuangan menggunakan cara yang radikal', 'A', ''),
(2, 'SEJARAH', 477, 'C', 'Indikator pengekangan kebebasan berpolitik pada masa orde baru dapat diketahui melalui kebijakan-kebijakan dibawah, kecuali', 'Melarang PNS ikut pemilu', 'Melarang PNS mendirikan partai politik', 'Hanya mengizinkan tika kontestan pemilu', 'Memperbolehkan militer terlibat dalam dunia politik', 'Mengerahkan PNS dan ABRI memilih partai politik tertentu', 'A', ''),
(2, 'SEJARAH', 478, 'C', 'Alasan pemerintah colonial Belanda memberlakukan cultuurstelsel adalah<br>\r\n(1) Deficit anggaran keuangan yang besar selama perang Diponegoro<br>\r\n(2) Kebijakan tersebut sesuai dengan kondisi masyarakat nusantara yang agrasis<br>\r\n(3) Belanda ingin memperoleh keuntungan besar dari perkebunan dan perdagangan<br>\r\n(4) Sistem penanaman tradisional tidak cocok dengan kepentingan perdagangan Belanda', '', '', '', '', '', 'A', ''),
(2, 'SEJARAH', 479, 'C', 'Latar belakang pembentukan APEC (Asia Pasific Economic Cooperation) adalah<br>\r\n(1) Munculnya kelompok-kelompok kerjasama bidang perdagangan regional ; AFTA dan NAFTA<br>\r\n(2) Adanya keinginan Negara-negara di kawasan Asia Pasifik mewujudkan One community : One Future<br>\r\n(3) Adanya perubahan dalam bidang politik dan ekonomi di Uni Soviet dan Eropa Timur<br>\r\n(4) Adanya keinginan mewujudkan liberalisasi perdagangan dan investasi di kawasan Asia Pasifik', '', '', '', '', '', 'B', ''),
(2, 'SEJARAH', 480, 'C', 'Penyebaran agama Islam yang dilakukan oleh wali songo mudah diterima oleh masyarakat Jawa pada abad ke-15 hingga abad ke-16 karena melalui..<br>\r\n(1) Mubalig yang didatangkan dari Timur Tengah<br>\r\n(2) Ajaran tasawuf<br>\r\n(3) Ajaran Ijtihad<br>\r\n(4) Kesenian', '', '', '', '', '', 'C', ''),
(2, 'SEJARAH', 481, 'C', 'Pemberlakuan Supersemar 1966 mengakibatkan peristiwa<br>\r\n(1) Penyerahan pemerintahan republic Indonesia dari Soekarna kepada pejabat sementara Soeharto<br>\r\n(2) Pengangkatan Soeharto menjadi coordinator keamanan<br>\r\n(3) Pemberhentian Soekarno sebagai presiden oleh MPRS dan penunjukan Soeharto sebagai pejabat sementara presiden<br>\r\n(4) Pemberian wewenang kepada Soeharto untuk mengatasi keadaan bahaya', '', '', '', '', '', 'D', ''),
(2, 'SEJARAH', 482, 'C', 'Faktor yang menyebabkan otoritas penerus Kerajaan Mataram setelah perjanjian Giyanti makin lemah adalah', 'Semua wilayah bekas kerajaan Mataran langsung dikuasai oleh VOC.', 'Semua masyarakat diwajibkan membayar pajak kepada Belanda', 'Hilangnya rasa persaudaraan antar Kerajaan di Jawa', 'Meningkatnya konflik antara Kesultanan dan Mangkunegara', 'Hilangnya wibawa kedua kerajaan di mata rakyat', 'D', ''),
(2, 'SEJARAH', 483, 'C', 'Karya sastra yang dapat digunakan sebagai sumber penulisan sejarah pada masa Hindu-Budha di Nusantara adalah', 'I La Galigo', 'Pararaton', 'Silpasastra', 'Tambo', 'Babad Tanah Jawi', 'B', ''),
(2, 'SEJARAH', 484, 'C', 'Bukti bahwa tradisi menulis sudah ada pada masa Kerajaan Tarumanegara dapat dilihat pada prasasti', 'Muara karang', 'Pasir panjang', 'Muara takus', 'Jambu', 'Canggal', 'D', ''),
(2, 'SEJARAH', 485, 'C', 'Keberhasilan VOC menguasai perdagangan di Kepulauan Indonesia pada dasarnya bukan semata-mata karena keunggulan sistem dan teknologi perkapalannya melainkan karena melakukan intrik-intrik dikalangan raja-raja setempat, misalnya antara..', 'Sultan Antasari melawan Muhammad Syah', 'Sultan Iskandar muda melawan Iskandar Thani', 'Sultan Hairun melawan Baabullah', 'Sultan Agung melawan para bupati pesisir', 'Betul semua', 'D', ''),
(2, 'SEJARAH', 486, 'C', 'Munculnya gerakan DI (Darul Islam)/TII (Tentara Islam Indonesia) di Jawa Barat yang dipimpin oleh Kartosuwiryo disebabkan oleh', 'Rasa tidak puas terhadap pemerintah', 'Keinginan Kartosuwiryo mendirikan Negara berdasarkan hukum Islam', 'Rasa tidak puas terhadap hijrahnya pasukan TNI ke Jawa Tengah', 'Rasa tidak puas terhadap hasil perjanjian Renville', 'Keinginan untuk memperbaiki taraf kehidupan masyarakat Jawa Barat', 'B', ''),
(2, 'SEJARAH', 487, 'C', 'Tembok besar cina yang panjangnya 2.450 km dibangun kurang lebih selama berabad-abad yang lalu. Kaisar pertama yang membangun tembok ini mendapat julukan kaisar kuning. Ia adalah kaisar..', 'Liang Pang', 'Huang Ti', 'Han Kao Tsu', 'Han Wu Ti', 'Wu Ti', 'B', ''),
(2, 'SEJARAH', 488, 'C', 'Pada tanggal 4 juli 1927 di Bandung berdiri Partai Nasional Indonesia, asa perjuangan PNI adalah<br>\r\n(1) Nasionalisme radika<br>\r\n(2) Self help (mandiri)<br>\r\n(3) Non-kooperasi dengan pemerintah Belanda<br>\r\n(4) Persatuan Nasional', '', '', '', '', '', 'A', ''),
(2, 'SEJARAH', 489, 'C', 'Sumber sejarah yang dapat digunkan untuk merekontruksi proses masuknya Islam di Indonesia adalah<br>\r\n(1) Catatan perjalanan Ibnu Batutah<br>\r\n(2) Batu nisan Fatimah binti Maimun di Gresik<br>\r\n(3) Makam Sultan Malik Al-Saleh di Aceh<br>\r\n(4) Catatan perjalanan Marcopolo', '', '', '', '', '', 'A', ''),
(2, 'SEJARAH', 490, 'C', 'Penyebab Revolusi Industri pada abad XIX pertama kali terjadi di Inggris adalah<br>\r\n(1)Inggris selalu terbuka bagi para pendatang dari Negara lain<br>\r\n(2) Adanya penguasaan modal oleh kalangan aristocrat<br>\r\n(3) Inggris merupakan Negara aristokrasi tertua di Eropa<br>\r\n(4) Berkembangnya ilmu pengetahuan dan teknologi yang lebih maju', '', '', '', '', '', 'D', ''),
(2, 'SEJARAH', 491, 'C', 'Ciri-ciri masyarakat kehidupan zaman Paleolithikum adalah<br>\r\n(1) Mengenal peralatan dari batu halus<br>\r\n(2) Mengenal peralatan dari tulang untuk berburu<br>\r\n(3) Mengenal moko sebagai alat pemujaan<br>\r\n(4) Alat-alat dibuat dari batu yang masih kasar', '', '', '', '', '', 'D', ''),
(2, 'SEJARAH', 492, 'C', 'Masyarakat Maluku pada abad ke-XV memberikan perlawanan secara terus-menerus pada saat bangsa Spanyol dan Portugis yang berusaha menjajah mereka,<br>\r\n<center><b>SEBAB</b></center><br>\r\nBangsa Spanyol dan Portugis selalu bekerja sama untuk mengalahkan kerajaan-kerajaan yang ada di Nusantara.', '', '', '', '', '', 'E', ''),
(2, 'SEJARAH', 493, 'C', 'Pada Orde Baru terjadi perkembangan industry yang cukup pesat.<br>\r\n<center><b>SEBAB</b></center><br>\r\nUndang-undang penanaman Modal Asing dan penanaman Modal Dalam Negeri pada masa Orde Baru mempermudah tersedianya modal.', '', '', '', '', '', 'B', ''),
(2, 'SEJARAH', 494, 'C', 'Organisasi yang tidak termasuk Blok Barat dan Blok Timur dalam perang Dingin adalah..<br>\r\n(1)NATO<br>\r\n(2)Pakta Warsawa<br>\r\n(3)SEATO<br>\r\n(4)ASEAN', '', '', '', '', '', 'D', ''),
(2, 'SEJARAH', 495, 'C', 'Pemilihan presiden pada awal masa reformasi dilakukan secara langsung oleh rakyat.<br>\r\n<center><b>SEBAB</b></center><br>\r\nSalah satu komitmen perjuangan Reformasi adalah melaksanakan demokrasi secara konsisten', '', '', '', '', '', 'B', ''),
(2, 'SEJARAH', 496, 'C', 'Runtuhnya menara WTC pada 11 september 2001 mengakibatkan<br>\r\n(1)Amerika semakin kuat<br>\r\n(2)Israel semakin dekat dengan Amerika<br>\r\n(3)Amerika memusuhi bangsa-bangsa Arab<br>\r\n(4)Menguatnya isu terorisme global', '', '', '', '', '', 'D', ''),
(1, 'KIMIA', 497, 'B', 'Nilai yang mungkin untuk bilangan kuantum dalam suatu orbital adalah', 'n = 2;   = 1;  m = -1', 'n = 2;   = 2;  m = 2', 'n = 3;   = 3;  m= 1', 'n = 1;   = 1;  m = 0', 'n = 3;   = 2;  m = 3', 'A', 'Setelah terjadi kesetimbangan, ion yang memiliki konsentrasi paling besar adalah ion H<sub>2</sub>C<sub>6</sub>H<sub>5</sub>O<sub>7</sub><sup>-</sup>  yang berasal dari hidrolisis ion H<sub>3</sub>C<sub>6</sub>H<sub>5</sub>O<sub>7</sub><sup>-</sup> membentuk H<sub>2</sub>C<sub>6</sub>H<sub>5</sub>O<sub>7</sub><sup>-</sup>  dan ion H<sup>+</sup>'),
(1, 'KIMIA', 498, 'B', 'Kalor pembentukan H<sub>2</sub>(g), CO<sub>2</sub>(g), dan C<sub>3</sub>H<sub>8</sub>(g) masing-masing adalah x, y, dan z kkal/mol. Pembakaran C<sub>3</sub>H<sub>8</sub>(g) secarasempurna menjadi CO<sub>2</sub>(g) dan H<sub>2</sub>O(g) melibatkan kalor sebesar', '4x + 3y - z', '3x + 4y - z', '-3x - 4y - z', '-4x - 3y + ????', '4x - 3y + z', 'A', ''),
(1, 'KIMIA', 499, 'B', 'Sejumlah 2,24 liter gas CO<sub>2</sub> pada STPdialirkan ke dalam larutan jenuh kalsiumhidroksida  sehingga terjadi reaksi sempurnayang menghasilkan endapan CaCO<sub>3</sub>. Beratendapan CaCO<sub>3</sub> yang terbentuk adalah</br>   \r\n(Ar Ca =  40, C = 12, O = 16 dan H = 1)', '100 g', '40 g', '20 g', '10 g', '5 g', 'D', 'Setelah terjadi kesetimbangan, ion yang memiliki konsentrasi paling besar adalah ion H<sub>2</sub>C<sub>6</sub>H<sub>5</sub>O<sub>7</sub><sup>-</sup>  yang berasal dari hidrolisis ion H<sub>3</sub>C<sub>6</sub>H<sub>5</sub>O<sub>7</sub><sup>-</sup> membentuk H<sub>2</sub>C<sub>6</sub>H<sub>5</sub>O<sub>7</sub><sup>-</sup>  dan ion H<sup>+</sup>'),
(1, 'KIMIA', 500, 'B', 'Reaksi (g)+ H<sub>2</sub>O(g)? CO<sub>2</sub>(g) +H<sub>2</sub>(g) digunakan oleh industri sebagai sumber hidrogen. Nilai Kc untuk reaksi ini pada 500? adalah 4. Pada temperature tersebut, nilai K<br>\r\np adalah ', '1', '2', '4', '6', '8', 'C', ''),
(1, 'KIMIA', 501, 'B', '2ac5bdd881215a931d5163d1f9ca7e0a.JPG', '4 - metil -2 - heksuna', '4 - etil -2 - pentuna', '4 - etil -2 - pentena', '4 - metil -2 - heksena', '4 - etilpentena', 'D', ''),
(1, 'KIMIA', 502, 'B', 'Penurunan titk beku larutan 0,1 mol gula dalam 1 kg air adalah t?. Jika 0,1 mol natrium sulfat dilarutkan dalam jumlah airyang sama, maka penurunan titik bekunyaadalah', '2t?', '3t?', '4t?', '5t?', '6t?', 'B', ''),
(1, 'KIMIA', 503, 'B', 'Sebesar 100 mL HCOOOH 0,01 M dicampur dengan 100 mL HCOONa 0,005 M. Campuran tersebut ditambahkan air sehingga volumenya 500 mL. Jika Ka HCOOH adalah 1,8  10-4, maka pH campuran tersebut adalah', '5 - log 3,6', '5 - log 3,2', '5 - log 7,2', '4 - log 3,6', '4 - log 1,8', 'D', ''),
(1, 'KIMIA', 504, 'B', 'Diketahui potensial reduksi standart berikut: <br>\r\nCr3+(aq)+ 3e <b>-></b> Cr(s)  ?0= -0,74V<br>\r\nMnO4-(aq)+ 8H+ 5e? Mn2+(aq)+ 4H<sub>2</sub>O  ?0= +1,51V<br>\r\nPotensial sel standar dari sel galvani yangdibuat dengan menggabungkan kedua setengah reaksi di atas adalah', '-2,25 V', '-0,75 V', '+2,25 V', '+2,75 V', '+3,25 V', 'C', ''),
(1, 'KIMIA', 505, 'B', '09e8873a95853a8024cc067268f956b0.JPG', '4  104', '2  106', '4  106', '8  106', '4  107', 'D', ''),
(1, 'KIMIA', 506, 'B', 'Pada elektrolisis larutan AgNO<sub>3</sub> dengan electrode karbon menggunakan muatan listrik 0,05 F. banyaknya perak (Ar Ag = 108) yang diendapkan pada katode adalah', '2,7 gram', '5,4 gram', '10,8 gram', '21,6 gram', '54,0 gram', 'B', ''),
(1, 'KIMIA', 507, 'B', 'Diketahui nomor atom N = 7, ???? = 8, F =9, Si = 14, Cl = 17, dan Xe = 54. Molekul berikut yang bersifat polar adalah <br>\r\n(1) NCl3<br>\r\n(3) ClO2F<br>\r\n(2) XeCl4 <br>\r\n(4) SiCl4', '', '', '', '', '', 'A', ''),
(1, 'KIMIA', 508, 'B', '59f42fb2028de42c3c01fc2261b49ecd.JPG', '', '', '', '', '', 'D', ''),
(1, 'KIMIA', 509, 'B', 'Sebanyak 100 mL larutan Na<sub>2</sub>SO<sub>4</sub> 0,08 M ditambahkan ke dalam 100 mL larutan Ba(NO<sub>3)<sup>2</sup> 0,10 M.</br>\r\nJika Ksp BaSO<sub>4</sub> =1,0  10-10, maka pernyataan berikut yang benar adalah</br> \r\n\r\n(1) larutan Na<sub>2</sub>SO<sub>4</sub> sebagai pereaksi pembatas </br> \r\n(2) konsentrasi Ba2<sup>+</sup> sisa di dalam larutan= 10-2  M </br>\r\n(3) kelarutan BaSO<sub>4</sub> dalam air murni adalah10-5 M</br> \r\n(4) akan terbentuk endapan BaSO<sub>4</sub>', '', '', '', '', '', 'E', ''),
(1, 'KIMIA', 510, 'B', 'Pada reaksi : HS-(aq)+ H<sub>2</sub>O(aq)<b>-></b>H<sub>2</sub>S(aq)+ OH-(aq)Ion HS-(aq) bertindak sebagai asam.</br> \r\n<center><b>SEBAB</b></center></br>\r\nMenurut teori asam-basa Arrhenius, suatu asam dapat menerima ion H', '', '', '', '', '', 'E', ''),
(1, 'KIMIA', 511, 'B', 'Reaksi hidrolisis metilbutanoatmenghasilkan metanol dan asam butanoat.</br> \r\n<center><b>SEBAB</b></center></br>\r\nReaksi hidrolisis ester dapat dipercepatdengan katalis asam. +', '', '', '', '', '', 'B', ''),
(1, 'KIMIA', 512, 'B', 'Sebuah kalorimeter yang kapasitas kalornya 50 kal/? berisi 200 gram air yang bersuhu20?. Kemudian ke dalam kalorimeter itudimasukkan 100 gram es -10?. Setelah dicapai kesetimbangan termis, massa es yang melebur adalah', '43,75  gram', '56,25  gram', '62,50  gram', '68,25  gram', '80,00  gram', 'B', ''),
(1, 'KIMIA', 513, 'B', 'Agar kecepatan gerak partikel-partikel gas ideal dalam suatu ruang tertutup menjadi 3 kali kecepatan semula, maka suhunya harus dinaikkan menjadi', '1 kali', '2 kali', '3 kali', '3 kali', '9 kali', 'E', ''),
(1, 'KIMIA', 514, 'B', 'Perhatikan gambar berikut di bawah ini! </br>\r\nBesar daya listrik pada hambatan 8O adalah', '2 watt', '8 watt', '18 watt', '32 watt', '40,5 watt', 'C', ''),
(1, 'KIMIA', 515, 'B', '33d417972096270bc554597188388378.JPG', 'R1= 4R2', 'R1= 2R2', 'R1= R2', 'R1= 0,5R2', 'R1= 0,2R2', 'D', ''),
(1, 'FISIKA', 516, 'B', 'Pada jarak 3 meter dari sumber ledakan terdengar bunyi dengan taraf intensitas 50dB. Pada jarak 30 m dari sumber ledakanbunyi itu terdengar dengan taraf intensitas (dalam dB)', '5', '10', '20', '30', '40', 'D', ''),
(1, 'FISIKA', 517, 'B', '6c3dfe128d3642edc13d057b51990c58.JPG', '0,9 mm', '1,5 mm', '1,8 mm', '9 mm', '15 mm', 'B', ''),
(1, 'FISIKA', 518, 'B', 'Seorang yang berkaca mata miopi takmampu melihat dengan jelas benda yang terletak lebih 50 cm dari matanya, Kacamatayang dibutuhkan untuk melihat jauh harus mempunyai lensa dengan kekuatan sebesar.... dioptric', '-4', '-2', '+3', '+2', '+5', 'B', ''),
(1, 'FISIKA', 519, 'B', 'Banyaknya elektron yang dapat keluar dari logam bila disinari pada peristiwa efek foto listrik tergantung pada:', 'frekuensi foton', 'massa foton', 'intensitas foton', 'kecepatan foton', 'panjang gelombang foton', 'C', ''),
(1, 'FISIKA', 520, 'B', 'Kelajuan partikel yang memiliki momentum linear 5 MeV/c dan energi relativistik total 10 MeV adalah', '0,25 c ', '0,5 c', 'v3????', '0,75 c', 'c', 'B', ''),
(1, 'FISIKA', 521, 'B', 'Panjang gelombang terbesar dari cahaya tampak yang dihasilkan karena transisi sebuah elektron dalam suatu atom hydrogen adalah (R=konstanta Rydberg)', '43 R', '365 R', '34 R', '1448 R', '536 R', 'B', ''),
(1, 'FISIKA', 522, 'B', 'Seseorang memiliki titik dekat mata 125 cm. Agar dapat membaca pada jarak baca normal, maka kaca matanya harus berkekuatan', '-2,2 dioptri', '+2,2 dioptri', '+3,2 dioptri', '-3,2 dioptri', '+4,2 dioptri', 'C', ''),
(1, 'FISIKA', 523, 'B', 'ddedab4945ee8df320c98490eb741f0d.JPG', '20 N', '14 N', '12 N', '10 N', '8 N', 'C', ''),
(1, 'FISIKA', 524, 'B', 'Suatu sumber bunyi dengan frekuensi 700 Hz bergerak berlawanan arah dengan pendengar Kecepatan pendengar 20 m/s, sedangkan frekuensi yang terdengar 620 Hz. Bila cepat rambat bunyi di udara 330 m/s, maka kecepatan sumber itu sebesar', '56 m/s', '47 m/s', '36 m/s', '25 m/s', '20 m/s', 'E', ''),
(1, 'FISIKA', 525, 'B', 'Dua lampu masing-masing tertulis A(60W, 120V) dan B (60W,120V). Jika lampu A dan B dirangkai paralel  pada tegangan 60 V, maka jumlah daya  gabungan kedua lampu adalah', '24 W', '30 W', '60 W', '80 W', '100 W', 'B', ''),
(1, 'FISIKA', 526, 'B', 'Apabila cahaya ultra ungu menyinaripotasium, elektron akan terpancar dari permukaan logam tersebut. Dalam peristiwa ini </br>\r\n\r\n(1)  Semua elektron yang terpancar mempunyai energi sama dengan energy partikel cahaya.</br> \r\n(2)  Energi partikel cahaya sebanding dengan frekuensi cahaya. </br>\r\n(3)  Peristiwa di atas berlaku untuk semua warna cahaya. </br>\r\n(4)  Energi kinetik maksimum elektron yang terpancar lebih kecil dari energi partikel cahaya.', '', '', '', '', '', 'C', ''),
(4, 'MATEMATIKA DASAR', 527, 'B', '1d0a24f9404cd35951df5bf17a21159b.PNG', '8 atau 8 ', '8 atau 6 ', '8 atau 6', '8 atau 6', '6 atau 6', 'B', ''),
(4, 'MATEMATIKA DASAR', 528, 'B', '8af2f36891d9dc2f8b8383db1a6b1be2.PNG', '2', '-3', '-1', '-0,5', '3', '', ''),
(4, 'MATEMATIKA DASAR', 529, 'B', '732279fae44bbbb24d2f187fbbb145dc.PNG', '-2', '-1', '0', '1', '2', 'C', ''),
(4, 'MATEMATIKA DASAR', 530, 'B', '3cc665981b553edf556780a7f7da39bb.PNG', '4', '5', '6', '7', '8', 'B', ''),
(4, 'MATEMATIKA DASAR', 531, 'B', 'Suatu garis yang melalui titik (0,0) membagi persegi panjang dengan titik-titik sudut (1,0), (5,0), (1,12), dan (5,12) menjadi dua bagian yang sama luas. Gradient garis tersebut adalah', '213e31361b65b3bdab49bc62772df268.PNG', '1', '2', '4878fcb9af30f79778ac245b0de740db.PNG', '3', 'C', ''),
(4, 'MATEMATIKA DASAR', 532, 'B', '50e9abdc03c10a5c7414e7e58b358245.PNG', '6', '7', '8', '9', '10', 'C', ''),
(4, 'MATEMATIKA DASAR', 533, 'B', 'b265ded78c13a27e372630d9e751c126.PNG', '730322eac58d9c9d1b3f580eb90b194b.PNG', '9f1a1c2f08bdec1f52616e769389eccc.PNG', '34fae0f172af5d11fc1e53ec7a06b000.PNG', 'c9a1372aa40a30f92a57877b3b8243d6.PNG', '3400c5740ffff0caca1a9743a0a03f28.PNG', '', ''),
(4, 'MATEMATIKA DASAR', 534, 'B', 'c469948e7451f5dfe910d20378ca1ffe.PNG', '12', '1', '32', '2', '52', '', ''),
(4, 'MATEMATIKA DASAR', 535, 'B', '1db0916795ae975fa87118404cbb23bc.PNG', '-1000', '-1007', '-1009', '-1014', '-2014', 'A', '');
INSERT INTO `soal` (`kode_jurusan`, `pelajaran`, `id_soal`, `paket`, `soal`, `opsi_a`, `opsi_b`, `opsi_c`, `opsi_d`, `opsi_e`, `jawaban`, `pembahasan`) VALUES
(4, 'MATEMATIKA DASAR', 536, 'B', '5004e96600ca50d71ccb83f2ecd4be32.PNG', '10', '20', '100', '200', '300', '', ''),
(4, 'MATEMATIKA DASAR', 537, 'B', 'Nilai ujian matematika 30 siswa pada suatu kelas berupa bilangan cacah tidak lebih daripada 10. Rata-rata nilai dari mereka adalah 8dan hanya terdapat 5 siswa yang memperoleh nilai 7. Jika <i>p </i> menyatakan banyak siswa yang memperoleh nilai kurang dari 7, maka nilai  p terbesar yang mungkin adalah', '5', '7', '9', '11', '14', 'D', ''),
(4, 'MATEMATIKA DASAR', 538, 'B', 'c8dfa85e0e718c91be23dae72cc247db.PNG', 'f246df958a00c086ad01a0568702e04a.PNG', '2d579ecb0f5c7191001dabeb1fef22cf.PNG', '059c4f881d2a7e0e54ebd9ff317bb80e.PNG', '1304786f1466706e70d83c00fbd7918d.PNG', '1f004557d0543af45703c80c98232d69.PNG', 'D', ''),
(4, 'MATEMATIKA DASAR', 539, 'B', 'fd15f5b1050482b9276130855dc9cb42.PNG', '7', '5', '1', '-1', '-7', '', ''),
(4, 'MATEMATIKA DASAR', 542, 'B', '22fa1f2f2e54f66c7761fc05e0fc651d.PNG', '3', '4', '5', '7', '8', 'D', ''),
(4, 'MATEMATIKA DASAR', 541, 'B', '048552666f52d09cb755b3411029d6b9.PNG', '-2', '-53', '-1', '-3', '73', 'A', ''),
(4, 'BAHASA INDONESIA', 543, 'B', '<b>Teks 3A</b> <br>\r\n(1)Setelah memasuki abad ke-21 , perkembangan teknologi terasa luar biasa, terutama yang berhubungan dengan telekomunikasi dan informasi sehungga alur informasi pun terjadi tanpa hambatan.  <br> \r\n(2) Untuk itu, dalam mengantisipasi pengaruh budaya luar yang negative atau tidak sesuai dengan budaya bangsa Indonesia, diperlukan penyaringan. <br>\r\n(3) Sistem penyaringan bisadilakukan dengan cara menanamkan nilai-nilai nasionalisme terhadap anak-anak bangsa sejak dini, baik formal maupun nonformal, yang secara formal dilakukan di sekolah, sedangkan secara nonformal dilakukan di keluarga dan masyarakat. <br>\r\n(4) Bila tidak dilakukan penyaringan yang baik, dikhawatirkan muncul dampak buruk terghadap perilaku kehidupan bermasyarakat. <br>\r\n(5) Hal ini disebabkan perubahan cepat dalam teknoogi informasi yang telah mengubah budaya sebagian besar masyarakat dunia, terutama yang tinggal di perkotaan. <br>\r\n(Diadaptasi dari http://bkk.ft.uny.ac.id/dampak-teknologi-terhadap-budaya)\r\n\r\nInformasi apakah yang ada dalam Teks 3B, tetapi tidak dalam Teks 3A?', 'Sistem komunikasi yang berubah', 'Sisi negatif perkembangan teknologi', 'Pengaruh budaya karena teknologi', 'Penggunaan handphone untuk berinteraksi', 'Perubahan perilaku akibat perkembangan teknologi', '', ''),
(4, 'BAHASA INDONESIA', 544, 'B', '<b>Teks 3A</b> <br>\r\n(1)Setelah memasuki abad ke-21 , perkembangan teknologi terasa luar biasa, terutama yang berhubungan dengan telekomunikasi dan informasi sehungga alur informasi pun terjadi tanpa hambatan.  <br> \r\n(2) Untuk itu, dalam mengantisipasi pengaruh budaya luar yang negative atau tidak sesuai dengan budaya bangsa Indonesia, diperlukan penyaringan. <br>\r\n(3) Sistem penyaringan bisadilakukan dengan cara menanamkan nilai-nilai nasionalisme terhadap anak-anak bangsa sejak dini, baik formal maupun nonformal, yang secara formal dilakukan di sekolah, sedangkan secara nonformal dilakukan di keluarga dan masyarakat. <br>\r\n(4) Bila tidak dilakukan penyaringan yang baik, dikhawatirkan muncul dampak buruk terghadap perilaku kehidupan bermasyarakat. <br>\r\n(5) Hal ini disebabkan perubahan cepat dalam teknoogi informasi yang telah mengubah budaya sebagian besar masyarakat dunia, terutama yang tinggal di perkotaan. <br>\r\n(Diadaptasi dari http://bkk.ft.uny.ac.id/dampak-teknologi-terhadap-budaya) <br>\r\n<br>\r\nBerdasarkan isinya, kepada siapa penulis teks 3A berpihak?', 'Keluarga', 'Masyarakat Umum', 'Budayawan', 'Anak Bangsa', 'Sekolah', '', ''),
(4, 'BAHASA INDONESIA', 545, 'B', '<b>Teks 3A</b> <br>\r\n(1)Setelah memasuki abad ke-21 , perkembangan teknologi terasa luar biasa, terutama yang berhubungan dengan telekomunikasi dan informasi sehungga alur informasi pun terjadi tanpa hambatan.  <br> \r\n(2) Untuk itu, dalam mengantisipasi pengaruh budaya luar yang negative atau tidak sesuai dengan budaya bangsa Indonesia, diperlukan penyaringan. <br>\r\n(3) Sistem penyaringan bisadilakukan dengan cara menanamkan nilai-nilai nasionalisme terhadap anak-anak bangsa sejak dini, baik formal maupun nonformal, yang secara formal dilakukan di sekolah, sedangkan secara nonformal dilakukan di keluarga dan masyarakat. <br>\r\n(4) Bila tidak dilakukan penyaringan yang baik, dikhawatirkan muncul dampak buruk terghadap perilaku kehidupan bermasyarakat. <br>\r\n(5) Hal ini disebabkan perubahan cepat dalam teknoogi informasi yang telah mengubah budaya sebagian besar masyarakat dunia, terutama yang tinggal di perkotaan. <br>\r\n(Diadaptasi dari http://bkk.ft.uny.ac.id/dampak-teknologi-terhadap-budaya) <br>\r\n<br>\r\n63.	Apa makna kata mengantisipasi pada kalimat (2)?', 'Menghadapi', 'Mengatasi', 'Menanggulangi', 'Meramalkan', 'Menyesuaikan', '', ''),
(4, 'BAHASA INDONESIA', 546, 'B', '<b>Teks 3A</b> <br>\r\n(1)Setelah memasuki abad ke-21 , perkembangan teknologi terasa luar biasa, terutama yang berhubungan dengan telekomunikasi dan informasi sehungga alur informasi pun terjadi tanpa hambatan.  <br> \r\n(2) Untuk itu, dalam mengantisipasi pengaruh budaya luar yang negative atau tidak sesuai dengan budaya bangsa Indonesia, diperlukan penyaringan. <br>\r\n(3) Sistem penyaringan bisadilakukan dengan cara menanamkan nilai-nilai nasionalisme terhadap anak-anak bangsa sejak dini, baik formal maupun nonformal, yang secara formal dilakukan di sekolah, sedangkan secara nonformal dilakukan di keluarga dan masyarakat. <br>\r\n(4) Bila tidak dilakukan penyaringan yang baik, dikhawatirkan muncul dampak buruk terghadap perilaku kehidupan bermasyarakat. <br>\r\n(5) Hal ini disebabkan perubahan cepat dalam teknoogi informasi yang telah mengubah budaya sebagian besar masyarakat dunia, terutama yang tinggal di perkotaan. <br>\r\n(Diadaptasi dari http://bkk.ft.uny.ac.id/dampak-teknologi-terhadap-budaya) <br>\r\n<br>\r\nApakah perbedaan tujuan penulisan Teks 3a dan Teks 3B?', 'Teks 3A memaparkan sisi negatf budaya dari perkembangan teknologi; Teks 3B memaparkan sisi negatif dan positif budaya teknologi', 'Teks 3A menjelaskan perkembangan teknologi; Teks 3B menjelaskan sisi negatif budaya akibat perkembangan teknologi', 'Teks 3A menjelaskan perkembangan teknologi yang mengubah budaya; Teks 3B menjelaskan perkembangan teknologi yang mengubah cara berkomunikasi', 'Teks 3A mendeskripsikan perlunya antisipasi terhadap pengaruh teknologi; Teks 3B mendeskripsikan perkembangan teknologi komunikasi', 'Teks 3A menguraikan perlunya penyaringan terhadap budaya luar yang negatif; Teks 3B menguraikan positif dan negatif dari perkembanga teknologi', '', ''),
(4, 'BAHASA INDONESIA', 547, 'B', '<b>Teks 3A</b> <br>\r\n(1)Setelah memasuki abad ke-21 , perkembangan teknologi terasa luar biasa, terutama yang berhubungan dengan telekomunikasi dan informasi sehungga alur informasi pun terjadi tanpa hambatan.  <br> \r\n(2) Untuk itu, dalam mengantisipasi pengaruh budaya luar yang negative atau tidak sesuai dengan budaya bangsa Indonesia, diperlukan penyaringan. <br>\r\n(3) Sistem penyaringan bisadilakukan dengan cara menanamkan nilai-nilai nasionalisme terhadap anak-anak bangsa sejak dini, baik formal maupun nonformal, yang secara formal dilakukan di sekolah, sedangkan secara nonformal dilakukan di keluarga dan masyarakat. <br>\r\n(4) Bila tidak dilakukan penyaringan yang baik, dikhawatirkan muncul dampak buruk terghadap perilaku kehidupan bermasyarakat. <br>\r\n(5) Hal ini disebabkan perubahan cepat dalam teknoogi informasi yang telah mengubah budaya sebagian besar masyarakat dunia, terutama yang tinggal di perkotaan. <br>\r\n(Diadaptasi dari http://bkk.ft.uny.ac.id/dampak-teknologi-terhadap-budaya) <br>\r\n<br>	\r\nApakah kelemahan isi teks?', 'Teks 3A tidak menjelaskan pengertian nilai nasionalisme', 'Teks 3A tidak menjelskan sisi positif perkembangan teknologi', 'Teks 3B tidak memuat contoh sisi positif perkembangan teknologi', 'Teks 3B tidak menguraikan pengaruh perkembangan teknologi terhadap anak', 'Teks 3B tidak menguraikan pengertian dan cara chatting', '', ''),
(4, 'BAHASA INDONESIA', 548, 'B', 'Pengelolaan perkebunan kelapa sawit menuntut perubahan perilaku dan pola konsumsi yang berbasis ekonomi kapitalistik menjadi ekonomi hijau yang proenvironment guna mengurangi kemiskinan secara bermakna di tengah warga. Satu hal yang kerap dilupakan saat melawan kampanye negatif adalah agroindustri berbasis kelapa sawit ini baru bisa membesarkan kalangan pemodal besar dan sejumlah kecil petani mandiri. Masih banyak petani dan buruh kelapa sawit yang masih miskin karena belum terangkat kesejahteraannya. Mereka hanya sekadar bagian dari sistem pendorong peningkatan nilai ekspor CPO, tetapi belum ikut menikmati madu keuntungan komoditas emas hijau ini. <br>\r\nManakah kalimat yang tepat untuk menutup teks di atas? \r\n', 'Hal tersebut disebabkan oleh atmosfer politik pertanian yang carut-marut yang memosisikan Indonesia kesulitan menghadapi perdagangan global yang kian liberal harus ditata kembali', 'Sehingga, Patut disadari bahwa kampanye negatif minyak kelapa sawit tak cukup hanya dilawan dengan mengatakan itu bagian dari persaingan bisnis minyak nabati', 'Dengan demikian, langkah-langkah strategis perlu terus dilakukan, baik dalam hal proses produksinya, infrastruktur maupun pelestarian lingkungan', 'Oleh karena itu, perlu diupayakan agar semua petani, perkebunan dan pabrik harus mampu meluruskan dan menjawab berbagai permintaan pasar demi meningkatkan kesejahteraan', 'Oleh karena itu, Pemerintah harus mengupayakan agar produk minyak sawit mentah Indonesia dapat diterima di pasar Eropa', '', ''),
(4, 'BAHASA INDONESIA', 549, 'B', '(1) Pemerintah tengah merumuskan sistem hukuman berlapis untuk para pembakar lahan dan hutan yang menyebabkan bencana kabut asap di Indonesia. (2) Presiden Susilo Bambang Yudhoyono menyebut pelaku pembakaran hutan telah melakukan kejahatan kemanusiaan. (3) Kabut asap pembakaran ini ialah kejahatan kemanusiaan. (4) Orang sesak, tak bisa sekolah, dan tidak bisa beraktivitas selama berminggu-minggu lamanya. \r\n(5) Menurut Kepala Negara, sebagian besar kasus kebakaran hutan di Riau terjadi dengan sengaja dibakar. (6) Presiden mengancam tidak akan segan-segan menindak tegas pelaku yang melanggarnya, siapa pun orangnya. (7) Tidak ada yang setengah hati. Pihak-pihak yang melakukan pelanggaran harus diberi sanksi yang tegas, tukas Presiden. (8) Saat ini Satgas Penanggulangan Bencana Asap merumuskan sistem hukuman berlapis bagi pelaku kejahatan di sektor kehutanan. (9) Deputi Kepala Unit Kerja Presiden Bidang Pengawasan dan Pengendalian Pembangunan (UKP4) Bidang Penegakan Hukum, Mas Ahmad Santosa, menegaskan nantinya perusahaan yang membakar lahan akan dijerat pasal berlapis dari berbagai undang-undang terkait, seperti UU Perkebunan, atau bahkan UU Nomor 32 Tahun 2009 tentang Perlindungan dan Pengelolaan Lingkungan Hidup. Menurutnya, UU 32/2009 memberi dasar hukum bagi pengenaan tindak pidana korporasi. (10) Mas Ahmad berpendapat pengenaan tindak pidana korporasi ini penting agar pimpinan perusahaan lebih ekstra hati-hati. (11) Bahkan jika ditemui dugaan korupsi sektor kehutanan, pemerintah akan menggandeng Komisi Pemberantasan Korupsi. (12) Selain pidana, negara juga akan menuntut secara perdata terkait gugatan ganti kerugian ekosistem dan biaya pemulihan lingkungan. (13) Saat ini sudah 63 orang ditetapkan sebagai tersangka dan satu tersangka korporasi, yaitu PT National Sagu Prima.<br>\r\n\r\nKalimat yang tidak efektif ditemukan pada \r\n', '1 dan 13', '2 dan 7', '3 dan 8', '4 dan 6', '9 dan 10', '', ''),
(4, 'BAHASA INDONESIA', 550, 'B', '(1) Pemerintah tengah merumuskan sistem hukuman berlapis untuk para pembakar lahan dan hutan yang menyebabkan bencana kabut asap di Indonesia. (2) Presiden Susilo Bambang Yudhoyono menyebut pelaku pembakaran hutan telah melakukan kejahatan kemanusiaan. (3) Kabut asap pembakaran ini ialah kejahatan kemanusiaan. (4) Orang sesak, tak bisa sekolah, dan tidak bisa beraktivitas selama berminggu-minggu lamanya. \r\n(5) Menurut Kepala Negara, sebagian besar kasus kebakaran hutan di Riau terjadi dengan sengaja dibakar. (6) Presiden mengancam tidak akan segan-segan menindak tegas pelaku yang melanggarnya, siapa pun orangnya. (7) Tidak ada yang setengah hati. Pihak-pihak yang melakukan pelanggaran harus diberi sanksi yang tegas, tukas Presiden. (8) Saat ini Satgas Penanggulangan Bencana Asap merumuskan sistem hukuman berlapis bagi pelaku kejahatan di sektor kehutanan. (9) Deputi Kepala Unit Kerja Presiden Bidang Pengawasan dan Pengendalian Pembangunan (UKP4) Bidang Penegakan Hukum, Mas Ahmad Santosa, menegaskan nantinya perusahaan yang membakar lahan akan dijerat pasal berlapis dari berbagai undang-undang terkait, seperti UU Perkebunan, atau bahkan UU Nomor 32 Tahun 2009 tentang Perlindungan dan Pengelolaan Lingkungan Hidup. Menurutnya, UU 32/2009 memberi dasar hukum bagi pengenaan tindak pidana korporasi. (10) Mas Ahmad berpendapat pengenaan tindak pidana korporasi ini penting agar pimpinan perusahaan lebih ekstra hati-hati. (11) Bahkan jika ditemui dugaan korupsi sektor kehutanan, pemerintah akan menggandeng Komisi Pemberantasan Korupsi. (12) Selain pidana, negara juga akan menuntut secara perdata terkait gugatan ganti kerugian ekosistem dan biaya pemulihan lingkungan. (13) Saat ini sudah 63 orang ditetapkan sebagai tersangka dan satu tersangka korporasi, yaitu PT National Sagu Prima. <br>\r\nPenulis teks di atas berpihak pada', 'Pemerintah', 'Pelaku pembakaran', 'Pembaca', 'Masyarakat', 'Tidak Berpihak', '', ''),
(4, 'BAHASA INDONESIA', 551, 'B', '(1) Pemerintah tengah merumuskan sistem hukuman berlapis untuk para pembakar lahan dan hutan yang menyebabkan bencana kabut asap di Indonesia. (2) Presiden Susilo Bambang Yudhoyono menyebut pelaku pembakaran hutan telah melakukan kejahatan kemanusiaan. (3) Kabut asap pembakaran ini ialah kejahatan kemanusiaan. (4) Orang sesak, tak bisa sekolah, dan tidak bisa beraktivitas selama berminggu-minggu lamanya. \r\n(5) Menurut Kepala Negara, sebagian besar kasus kebakaran hutan di Riau terjadi dengan sengaja dibakar. (6) Presiden mengancam tidak akan segan-segan menindak tegas pelaku yang melanggarnya, siapa pun orangnya. (7) Tidak ada yang setengah hati. Pihak-pihak yang melakukan pelanggaran harus diberi sanksi yang tegas, tukas Presiden. (8) Saat ini Satgas Penanggulangan Bencana Asap merumuskan sistem hukuman berlapis bagi pelaku kejahatan di sektor kehutanan. (9) Deputi Kepala Unit Kerja Presiden Bidang Pengawasan dan Pengendalian Pembangunan (UKP4) Bidang Penegakan Hukum, Mas Ahmad Santosa, menegaskan nantinya perusahaan yang membakar lahan akan dijerat pasal berlapis dari berbagai undang-undang terkait, seperti UU Perkebunan, atau bahkan UU Nomor 32 Tahun 2009 tentang Perlindungan dan Pengelolaan Lingkungan Hidup. Menurutnya, UU 32/2009 memberi dasar hukum bagi pengenaan tindak pidana korporasi. (10) Mas Ahmad berpendapat pengenaan tindak pidana korporasi ini penting agar pimpinan perusahaan lebih ekstra hati-hati. (11) Bahkan jika ditemui dugaan korupsi sektor kehutanan, pemerintah akan menggandeng Komisi Pemberantasan Korupsi. (12) Selain pidana, negara juga akan menuntut secara perdata terkait gugatan ganti kerugian ekosistem dan biaya pemulihan lingkungan. (13) Saat ini sudah 63 orang ditetapkan sebagai tersangka dan satu tersangka korporasi, yaitu PT National Sagu Prima. <br>\r\nManakah rangkuman yang tepat untuk teks di atas?', 'Pemerintah tengah merumuskan sistem hukuman berlapis untuk para pembakar lahan dan hutan yang menyebabkan bencana kabut asap di Indonesia. Kabut asap pembakaran ini ialah kejahatan kemanusiaan. Masyarakat sangat terganggu dalam menjalankan aktivitas sehari-hari', 'Pemerintah tengah merumuskan sistem hukuman berlapis untuk para pembakar lahan dan hutan yang menyebabkan bencana kabut asap di Indonesia. Masyarakat sangat terganggu dalam menjalankan aktivitas sehari-hari. Presiden mengancam tidak akan segan-segan menindak tegas pelaku yang melanggarnya', 'Pemerintah tengah merumuskan sistem hukuman berlapis untuk para pembakar lahan dan hutan yang menyebabkan bencana kabut asap di Indonesia. Kabut asap pembakaran ini ialah kejahatan kemanusiaan. Negara juga akan menuntut secara pidana dan perdata terkait gugatan ganti perusakan ekosistem dan biaya pemulihan lingkungan', 'Pemerintah tengah merumuskan sistem hukuman berlapis untuk para pembakar lahan dan hutan yang menyebabkan bencana kabut asap di Indonesia. Presiden mengancam tidak akan segan-segan menindak tegas pelaku yang melanggarnya. Selain pidana, negara juga akan menuntut secara perdata terkait gugatan ganti kerugian ekosistem dan biaya pemulihan lingkungan', 'Pemerintah tengah merumuskan sistem hukuman berlapis untuk para pembakar lahan dan hutan yang menyebabkan bencana kabut asap di Indonesia. Kabut asap pembakaran ini ialah kejahatan kemanusiaan. Presiden mengancam tidak akan segan-segan menindak tegas pelaku yang melanggarnya', '', ''),
(4, 'BAHASA INDONESIA', 552, 'B', '(1) Pemerintah tengah merumuskan sistem hukuman berlapis untuk para pembakar lahan dan hutan yang menyebabkan bencana kabut asap di Indonesia. (2) Presiden Susilo Bambang Yudhoyono menyebut pelaku pembakaran hutan telah melakukan kejahatan kemanusiaan. (3) Kabut asap pembakaran ini ialah kejahatan kemanusiaan. (4) Orang sesak, tak bisa sekolah, dan tidak bisa beraktivitas selama berminggu-minggu lamanya. \r\n(5) Menurut Kepala Negara, sebagian besar kasus kebakaran hutan di Riau terjadi dengan sengaja dibakar. (6) Presiden mengancam tidak akan segan-segan menindak tegas pelaku yang melanggarnya, siapa pun orangnya. (7) Tidak ada yang setengah hati. Pihak-pihak yang melakukan pelanggaran harus diberi sanksi yang tegas, tukas Presiden. (8) Saat ini Satgas Penanggulangan Bencana Asap merumuskan sistem hukuman berlapis bagi pelaku kejahatan di sektor kehutanan. (9) Deputi Kepala Unit Kerja Presiden Bidang Pengawasan dan Pengendalian Pembangunan (UKP4) Bidang Penegakan Hukum, Mas Ahmad Santosa, menegaskan nantinya perusahaan yang membakar lahan akan dijerat pasal berlapis dari berbagai undang-undang terkait, seperti UU Perkebunan, atau bahkan UU Nomor 32 Tahun 2009 tentang Perlindungan dan Pengelolaan Lingkungan Hidup. Menurutnya, UU 32/2009 memberi dasar hukum bagi pengenaan tindak pidana korporasi. (10) Mas Ahmad berpendapat pengenaan tindak pidana korporasi ini penting agar pimpinan perusahaan lebih ekstra hati-hati. (11) Bahkan jika ditemui dugaan korupsi sektor kehutanan, pemerintah akan menggandeng Komisi Pemberantasan Korupsi. (12) Selain pidana, negara juga akan menuntut secara perdata terkait gugatan ganti kerugian ekosistem dan biaya pemulihan lingkungan. (13) Saat ini sudah 63 orang ditetapkan sebagai tersangka dan satu tersangka korporasi, yaitu PT National Sagu Prima. <br>\r\nPernyataan berikut yang sesuai dengan paragraf tersebut adalah', 'Pemerintah sudah merumuskan hukuman berlapis bagi pelaku pembakaran hutan', 'Pelaku pembakaran dihukum dengan pasal berlapis', 'Pasal berlapis tengah dirumuskan untuk menjerat pelaku pembakaran hutan', 'Pihak pelanggar peraturan akan diberi sangsi yang tegas', 'Pemerintah tengah menghukum pelaku pembakaran hutan secara tegas', '', ''),
(1, 'MATEMATIKA IPA', 558, 'C', 'Garis g melalui titik  T(2, 3)  dan memiliki gradien m. Agar g memotong grafik  y = x<sup>2</sup>   pada dua titik yang berbeda, maka haruslah ....', '2 < m < 6', '6 < m < 2', 'm < ?2 atau m > 6', 'm < 2 atau m > 6', 'm < 6 atau m > 2', 'D', ''),
(1, 'MATEMATIKA IPA', 559, 'C', 'Jika rata-rata 30 bilangan bulat nonnegatif berbeda adalah 16, maka bilangan terbesar yang mungkin adalah .', '74', '70', '68', '62', '58', 'A', ''),
(1, 'MATEMATIKA IPA', 560, 'C', 'Diketahui segitiga ABC dengan a = BC, b = AC, dan sudut C = 60o. Jika a dan b adalah akar-akar persamaan kuadrat x y z ', '', '', '', '', '', 'B', ''),
(4, 'LOGIKA PREPOSISI', 561, 'B', 'Pada hari Sabtu, Adik disuruh Ibu pergi ke taman unntuk bermain bola atau pergi ke toko untuk membeli alat olahraga. Pada hari Sabtu, toko olahraga tutup sehingga Adik tidak mungkin membeli alat olahraga.<br>\r\nSimpulan yang paling tepat adalah sebagai berikut.', 'Pada hari Sabtu, Adik pergi ke taman untuk bermain bola.', 'Pada hari Sabtu, Adik membeli alat olahraga di toko lain.', 'Pada hari Sabtu, Adik tidak mengikuti permintaan ibu.', 'Pada hari Sabtu, Adik tidak pergi ke taman untuk bermain bola.', 'Pada hari Sabtu, Ibu tidak menyuruh Adik untuk berolahraga.', 'A', ''),
(4, 'LOGIKA PREPOSISI', 562, 'B', 'Sebagian karyawan tidak mau mengikuti perubahan. Semua yang tidak mau mengikuti perubahan menghambat kemajuan.<br> \r\nBerdasarkan dua pernyataan di atas, simpulan yang paling tepat adalah sebagai berikut.', 'Sebagian karyawan tidak menghambat kemajuan.', 'Sebagian yang menghambat kemajuan adalah karyawan.', 'Sebagian yang tidak mau mengikuti perubahan bukan karyawan.', 'Sebagian yang menghambat kemajuan bukan karyawan.', 'Sebagian yang bukan karyawan menghambat kemajuan.', 'A', ''),
(4, 'LOGIKA PREPOSISI', 563, 'B', '(1) Petani tebu tidak bisa menjual hasil buminya.<br>\r\n(2) Terjadi penambahan jenis tanaman pertanian.<br>\r\nManakah di bawah ini yang menggambarkan hubungan pernyataan (1) dan (2)?', 'Pernyataan (1) adalah penyebab dan pernyataan (2) adalah akibat.', 'Pernyataan (2) adalah penyebab, dan pernyataan (1) adalah akibat.', 'Pernyataan (1) dan (2) adalah penyebab, namun tidak saling berhubungan.', 'Pernyataan (1) dan (2) adalah akibat dari dua penyebab yang tidak saling berhubungan.', 'Pernyataan (1) dan (2) adalah akibat dari suatu penyebab yang sama.', 'E', ''),
(4, 'LOGIKA PREPOSISI', 564, 'B', 'Sejumlah mata kuliah dapat diambil oleh mahasiswa pada semester pertama. Mahasiswa dapat memilih mata kuliah A, B, C, D, E, F, dan G dengan ketentuan sebagai berikut. Jika mata kuliah g diambil, mata kuliah C pun harus diambil. Jika mata kuliah C dan B diambil, mata kuliah A tidak noleh diambil. Jika mata kuliah B atau A diambil, mata kuliah E tidak boleh diambil. Jika mata kuliah A diambil, salah sau dari mata kuliah D dan F harus diambil, tetapi tidak keduanya. Salah satu mata kuliah D dan E harus diambil, tidak boleh keduanya. Jika mata kuliah D dan F tidak diambil, jumlah maksimum mata kuliah yang diambil mahasiswa adalah.', '2', '3', '4', '5', '6', 'B', ''),
(4, 'LOGIKA PREPOSISI', 565, 'B', 'Di sebuah pasar swalayan tersisa lima jenis buah. Ibu membelikan buah-buahan yang berbeda untuk lima anaknya. Berkut ini buah-buahan yang disukai oleh setiap anak. Adi menyukai buah manggis, apel, jeruk, dan mangga. Si kembar Aldo dan Aldi menyukai buah apel, mangga, dan manggis. Aqila menyukai buah apel, mamggis, jeruk, dan nangka. Si bungsu Farah menyukai buah manggis dan mangga.<br>\r\nBuah yang harus diberikan kepada Aqila adalah.', 'Manggis', 'Jeruk', 'Apel', 'Mangga', 'Nangka', 'E', ''),
(4, 'LOGIKA ANALITIK', 566, 'B', '<i>Pilihlah jawaban yang paling tepat berdasarkan fakta atau informasi yang disajikan dalam teks!</i> \r\n<br>\r\nSeorang karyawan sebuah pabrik bertugas memberikan kode produksi suatu barang yang terdiri atas 5 angka.<br> \r\nKode tersebut harus memenuhi aturan sebagai berikut:<br> \r\n- Kode hanya terdiri dari angka-angka 0, 1, 2, 3 dan 4.<br> \r\n- Setiap angka hanya digunakan sekali<br> \r\n- Nilai angka kedua adalah dua kali nilai angka\r\npertama.<br> \r\n- Nilai angka ketiga lebih kecil daripada nilai angka kelima.<br><br>\r\n\r\nJika angka terakhir pada kode produksi adalah 1, maka pernyataan yang benar adalah', 'Angka pertama adalah 2', 'Angka kedua adalah 0', 'Angka ketiga adalah 4', 'Angka keempat adalah 4', 'Angka keempat adalah 0', 'A', ''),
(4, 'LOGIKA ANALITIK', 567, 'B', '<i>Pilihlah jawaban yang paling tepat berdasarkan fakta atau informasi yang disajikan dalam teks!</i> \r\n<br>\r\nSeorang karyawan sebuah pabrik bertugas memberikan kode produksi suatu barang yang terdiri atas 5 angka.<br> \r\nKode tersebut harus memenuhi aturan sebagai berikut:<br> \r\n- Kode hanya terdiri dari angka-angka 0, 1, 2, 3 dan 4.<br> \r\n- Setiap angka hanya digunakan sekali<br> \r\n- Nilai angka kedua adalah dua kali nilai angka\r\npertama.<br> \r\n- Nilai angka ketiga lebih kecil daripada nilai angka kelima.<br><br>\r\n\r\nManakah di antara pernyataan-pernyataan di bawah ini yang benar?', 'Angka 1 muncul di beberapa posisi sebelum angka 2', 'Angka 1 muncul di beberapa posisi sebelum angka 3', 'Angka 2 muncul di beberapa posisi sebelum angka 3', 'Angka 3 muncul di beberapa posisi sebelum angka 0', 'Angka 4 muncul di beberapa posisi sebelum angka 3', 'C', ''),
(4, 'LOGIKA ANALITIK', 568, 'B', '<i>Pilihlah jawaban yang paling tepat berdasarkan fakta atau informasi yang disajikan dalam teks!</i> \r\n<br>\r\nSeorang karyawan sebuah pabrik bertugas memberikan kode produksi suatu barang yang terdiri atas 5 angka.<br> \r\nKode tersebut harus memenuhi aturan sebagai berikut:<br> \r\n- Kode hanya terdiri dari angka-angka 0, 1, 2, 3 dan 4.<br> \r\n- Setiap angka hanya digunakan sekali<br> \r\n- Nilai angka kedua adalah dua kali nilai angka\r\npertama.<br> \r\n- Nilai angka ketiga lebih kecil daripada nilai angka kelima.<br><br>\r\n\r\nJika angka ketiga pada kode produksi bukan angka 0, manakah pernyataan di bawah ini yang benar?', 'Angka kedua adalah 2', 'Angka ketiga adalah 3', 'Angka keempat adalah 0', 'Angka kelima adalah 3', 'Angka kelima adalah 1', 'A', ''),
(4, 'LOGIKA ANALITIK', 569, 'B', '<i>Pilihlah jawaban yang paling tepat berdasarkan fakta atau informasi yang disajikan dalam teks!</i> \r\n<br>\r\nSeorang karyawan sebuah pabrik bertugas memberikan kode produksi suatu barang yang terdiri atas 5 angka.<br> \r\nKode tersebut harus memenuhi aturan sebagai berikut:<br> \r\n- Kode hanya terdiri dari angka-angka 0, 1, 2, 3 dan 4.<br> \r\n- Setiap angka hanya digunakan sekali<br> \r\n- Nilai angka kedua adalah dua kali nilai angka\r\npertama.<br> \r\n- Nilai angka ketiga lebih kecil daripada nilai angka kelima.<br><br>\r\n\r\nPasangan angka berikut adalah angka ketiga dan keempat sebuah kode produksi. Manakah pasangan angka yang tidak dapat dijadikan sebuah kode produksi?', '0,1', '0,3', '1,0', '3,0', '3,4', 'E', ''),
(4, 'LOGIKA ANALITIK', 570, 'B', '<i>Pilihlah jawaban yang paling tepat berdasarkan fakta atau informasi yang disajikan dalam teks!</i> \r\n<br>\r\nSeorang karyawan sebuah pabrik bertugas memberikan kode produksi suatu barang yang terdiri atas 5 angka.<br> \r\nKode tersebut harus memenuhi aturan sebagai berikut:<br> \r\n- Kode hanya terdiri dari angka-angka 0, 1, 2, 3 dan 4.<br> \r\n- Setiap angka hanya digunakan sekali<br> \r\n- Nilai angka kedua adalah dua kali nilai angka\r\npertama.<br> \r\n- Nilai angka ketiga lebih kecil daripada nilai angka kelima.<br><br>\r\n\r\nDi antara pernyataan-pernyataan berikut, manakah yang pasti benar?', 'terdapat tepat satu angka di antara angka 0 dan angka 1', 'terdapat tepat satu angka di antara angka 1 dan angka 2', 'terdapat paling banyak 2 angka di antara angka 1 dan angka 3', 'terdapat paling banyak 2 angka di antara angka 2 dan angka 3', 'terdapat paling banyak 2 angka di antara angka 2 dan angka 4', 'E', ''),
(4, 'VERBAL', 571, 'B', '<i>Pilihlah pasangan kata yang paling tepat untuk mengisi titik-titik (...) pada setiap nomor soal, sehingga hubungan antara dua kata di bagian kiri tanda = sepadan dengan hubungan antara dua kata di bagian kanan tanda =</i><br>\r\n\r\nSurat perjanjian : ... = ... : cukai', 'taat -- ayar', 'negara  -- pajak', 'adat  -- bea', 'materai  -- rokok', 'tanda tangan  -- hologram', 'E', ''),
(4, 'VERBAL', 572, 'B', '<i>Pilihlah pasangan kata yang paling tepat untuk mengisi titik-titik (...) pada setiap nomor soal, sehingga hubungan antara dua kata di bagian kiri tanda = sepadan dengan hubungan antara dua kata di bagian kanan tanda =</i><br>\r\n... : malu = posesif : ...', 'takut  -- cemburu', ' baik  -- sayang', 'mulia -- males(i)', 'benar -- salah', 'minder -- memiliki', 'A', ''),
(4, 'VERBAL', 573, 'B', '<i>Pilihlah pasangan kata yang paling tepat untuk mengisi titik-titik (...) pada setiap nomor soal, sehingga hubungan antara dua kata di bagian kiri tanda = sepadan dengan hubungan antara dua kata di bagian kanan tanda =</i><br>\r\n\r\n... : daftar pustaka  = pesta : ...', 'akhir  -- bahagia', 'buku -- foto', 'aturan -- pakem', 'bab -- pengantin', 'penulis -- undangan', 'E', ''),
(4, 'VERBAL', 574, 'B', '<i>Pilihlah pasangan kata yang paling tepat untuk mengisi titik-titik (...) pada setiap nomor soal, sehingga hubungan antara dua kata di bagian kiri tanda = sepadan dengan hubungan antara dua kata di bagian kanan tanda =</i><br>\r\n\r\npedestrian : ... = ... : bulevar', 'pejalan kaki -- adimarga', 'taman -- kampus', 'sepeda -- jalan', 'paving block -- gapura', 'pohon -- gerbang', 'A', ''),
(4, 'VERBAL', 575, 'B', '<i>Pilihlah pasangan kata yang paling tepat untuk mengisi titik-titik (...) pada setiap nomor soal, sehingga hubungan antara dua kata di bagian kiri tanda = sepadan dengan hubungan antara dua kata di bagian kanan tanda =</i><br>\r\ntongkat : ...  .... : hitung\r\n', 'tua -- pelajar', 'alumunium -- matematika', 'jalan -- kalkulator', 'bengkok -- rumit', 'bungkuk -- lupa', 'C', ''),
(4, 'ARITMATIKA', 576, 'B', '<i>Pilihlah jawaban yang paling tepat!</i> \r\n<br>\r\nJika 3<i>p</i> + <i>q</i> = 6<i>r</i> dan <i>p</i>,<i> q</i>, <i>r</i> adalah bilangan bulat positif, maka 12<i>r</i>  2<i>q</i> adalah', '3<i>pq</i>', '3<i>p</i>', '6<i>pq</i>', '6', '6<i>p</i>', 'E', ''),
(4, 'ARITMATIKA', 577, 'B', '<i>Pilihlah jawaban yang paling tepat!</i> \r\n<br>\r\nDi antara bilangan di bawah ini, yang habis dibagi 8 adalah', '123.456', '234.567', '345.678', '456.789', '567.890', 'A', ''),
(4, 'BAHASA INGGRIS', 578, 'B', '3c220ac2ba1dae39b09d2fa5a899ebaf.PNG', 'The effect of fresh water shortage ', 'Project to provide fresh and clean water ', 'Nature disturbance leading to availability of water ', 'Alarming condition of the world water shortage ', 'The amount of fresh water on earth ', '', ''),
(4, 'BAHASA INGGRIS', 579, 'B', '<b>TEXT 1</b> \r\nAmong the environmental specters confronting humanity in the 21st century  global warming, the destruction of rain forests, overfishing of the oceans  a shortage of fresh water is at the top of the list, particularly in the developing world. Hardly a month passes without a new study making another alarming prediction, further deepening concern over what a World Bank expert calls the grim arithmetic of water. Recently the United Nations said that 2.7 billion people would face severe water shortages by 2025 if consumption continuous at current rates. Fears about a parched future arise from a projected growth of world population from more than six billion today to an estimated nine billion in 2050. Yet the amount of fresh water on Earth is not increasing. Nearly 97 percent of the planets water is salt water in seas and oceans. Close to 2 percents of Earths water is frozen in polar ice sheets and glaciers, and a fraction of one percent is available for drinking, irrigation, and industrial use. <br>\r\nGloomy water news, however, is not just a thing of the future: Today an estimated 1.2 billion people drink unclean water, and about 2.5 billion lack proper toilets or sewerage systems. More than five million people die each year from water-related diseases such as cholera and dysentery. All over the globe farmers and municipalities are pumping water out of the ground faster than it can be replenished. \r\nStill, as I discovered on a two-month trip to Africa, India, and Spain, a host of individuals, organizations, and businesses are working to solve waters dismal arithmetic. <br>\r\n<br>\r\nThe part following the passage will likely discuss about ', 'The spread of greater water shortage in Africa, India, and Spain ', 'The writers discoveries of gloomy water news ', 'Techniques taken to obtain maximum efficiency from every drop of water ', 'Another environmental specters confronting humanity ', 'The solving ideas of individuals, organizations, and businesses problems', '', ''),
(4, 'BAHASA INGGRIS', 580, 'B', '<b>TEXT 1</b> \r\nAmong the environmental specters confronting humanity in the 21st century  global warming, the destruction of rain forests, overfishing of the oceans  a shortage of fresh water is at the top of the list, particularly in the developing world. Hardly a month passes without a new study making another alarming prediction, further deepening concern over what a World Bank expert calls the grim arithmetic of water. Recently the United Nations said that 2.7 billion people would face severe water shortages by 2025 if consumption continuous at current rates. Fears about a parched future arise from a projected growth of world population from more than six billion today to an estimated nine billion in 2050. Yet the amount of fresh water on Earth is not increasing. Nearly 97 percent of the planets water is salt water in seas and oceans. Close to 2 percents of Earths water is frozen in polar ice sheets and glaciers, and a fraction of one percent is available for drinking, irrigation, and industrial use. <br>\r\nGloomy water news, however, is not just a thing of the future: Today an estimated 1.2 billion people drink unclean water, and about 2.5 billion lack proper toilets or sewerage systems. More than five million people die each year from water-related diseases such as cholera and dysentery. All over the globe farmers and municipalities are pumping water out of the ground faster than it can be replenished. \r\nStill, as I discovered on a two-month trip to Africa, India, and Spain, a host of individuals, organizations, and businesses are working to solve waters dismal arithmetic. <br>\r\n<br>\r\nWhat inference can undermine the information taken from the passage? ', 'Poor sanitation leads to water-related illness', 'The growth of world population is imbalance with the clean water availability ', 'There is always new study making another alarming prediction about fresh water ', 'It is estimated that 1.2 billion people drink unclean water, and about 2.5 billion lack proper toilets or sewerage systems ', 'Only one percent of water is available for drinking, irrigation, and industrial use ', '', ''),
(4, 'BAHASA INGGRIS', 582, 'B', '<b>TEXT 1</b> \r\nAmong the environmental specters confronting humanity in the 21st century  global warming, the destruction of rain forests, overfishing of the oceans  a shortage of fresh water is at the top of the list, particularly in the developing world. Hardly a month passes without a new study making another alarming prediction, further deepening concern over what a World Bank expert calls the grim arithmetic of water. Recently the United Nations said that 2.7 billion people would face severe water shortages by 2025 if consumption continuous at current rates. Fears about a parched future arise from a projected growth of world population from more than six billion today to an estimated nine billion in 2050. Yet the amount of fresh water on Earth is not increasing. Nearly 97 percent of the planets water is salt water in seas and oceans. Close to 2 percents of Earths water is frozen in polar ice sheets and glaciers, and a fraction of one percent is available for drinking, irrigation, and industrial use. <br>\r\nGloomy water news, however, is not just a thing of the future: Today an estimated 1.2 billion people drink unclean water, and about 2.5 billion lack proper toilets or sewerage systems. More than five million people die each year from water-related diseases such as cholera and dysentery. All over the globe farmers and municipalities are pumping water out of the ground faster than it can be replenished. \r\nStill, as I discovered on a two-month trip to Africa, India, and Spain, a host of individuals, organizations, and businesses are working to solve waters dismal arithmetic. <br>\r\n<br>\r\nThe followings are the least meaning of the word parched is', 'Dried ', 'Alight', 'Arid', 'Crispy', 'Droughty', '', ''),
(4, 'BAHASA INGGRIS', 583, 'B', '<b>TEXT 2</b>\r\nClimate change is changing our economy , health, and communities in diverse ways. Scientist warn that if we do not aggressively curb climate change now, the results will likely be disastrous. <br>\r\nCarbon dioxide and other global warming pollutants are collecting in the atmosphere like a thickening blanket, trapping the suns and causing the planet to warm up.<br>\r\nAlthough local temperatures fluctuate naturally, over the past 50 years the average global temperature has increased at the temperatures could be 3 to 9 degrees higher by the end of the century.<br>\r\nClimate change is a complex phenomenon, and its full-scale impacts are hard to predict far in advance. But each year scientist learn more about how climate change is affecting the planet and our communities, and most agree that certain consequences are likely to occur if current trends continue. <br>\r\nIn addition to impacting our water resources, energy supply, transportation, agriculture, and ecosystems, the United States Global Changes Research Program concludes that climate change also also poses unique challenges to human health, for example, significant increases in the risk of illness and death related to extreme heat and heat waves are very ikely. Some diseases transmitted by food, water, and insects are likely to increase. Certain groups, including children, the elderly, and the poor, are most vulnerable to a range of climate-related healt effects. These impacts will result in significant costs to our families and the economy.<br>\r\nHere isi the good news: technologies exist today to make cars that run cleaner and burn less gas, modernize power plants and generate electricity from nonpolluting sources, and cut our electricity use through energy efficiency. The challenge is to be sure these sollutions are put to use. <br>\r\nNatural Resources Defense Council (NRDC) is tackling global warning on two main fronts  cutting pollution and expanding clean energy. Transitioning to a clean energy economy will bring new jobs and reduce air pollution. We cannot afford to wait.<br>\r\n(Diadaptasi dari https://group.axa.com/en/newsroom/news/global-warming)<br>\r\n<br>\r\nWhich of the following obviously shows the authors bis?\r\n', 'Climate change is changing our economy, health, and communities in diverse ways.', 'Climate change is a complex phenomenon, and its full-scale impacts are hard to predict far in advance.', 'Significant increases in the risk of illness and death related to extreme heat and heat waves are very likely.', 'The challenge is to be sure these sollutions are put to use', 'Transitioning to a clean energy economy will bring new jobs and reduce air pollution. We cannot afford to wait', '', ''),
(4, 'BAHASA INGGRIS', 584, 'B', '<b>TEXT 2</b>\r\nClimate change is changing our economy , health, and communities in diverse ways. Scientist warn that if we do not aggressively curb climate change now, the results will likely be disastrous. <br>\r\nCarbon dioxide and other global warming pollutants are collecting in the atmosphere like a thickening blanket, trapping the suns and causing the planet to warm up.<br>\r\nAlthough local temperatures fluctuate naturally, over the past 50 years the average global temperature has increased at the temperatures could be 3 to 9 degrees higher by the end of the century.<br>\r\nClimate change is a complex phenomenon, and its full-scale impacts are hard to predict far in advance. But each year scientist learn more about how climate change is affecting the planet and our communities, and most agree that certain consequences are likely to occur if current trends continue. <br>\r\nIn addition to impacting our water resources, energy supply, transportation, agriculture, and ecosystems, the United States Global Changes Research Program concludes that climate change also also poses unique challenges to human health, for example, significant increases in the risk of illness and death related to extreme heat and heat waves are very ikely. Some diseases transmitted by food, water, and insects are likely to increase. Certain groups, including children, the elderly, and the poor, are most vulnerable to a range of climate-related healt effects. These impacts will result in significant costs to our families and the economy.<br>\r\nHere isi the good news: technologies exist today to make cars that run cleaner and burn less gas, modernize power plants and generate electricity from nonpolluting sources, and cut our electricity use through energy efficiency. The challenge is to be sure these sollutions are put to use. <br>\r\nNatural Resources Defense Council (NRDC) is tackling global warning on two main fronts  cutting pollution and expanding clean energy. Transitioning to a clean energy economy will bring new jobs and reduce air pollution. We cannot afford to wait.<br>\r\n(Diadaptasi dari https://group.axa.com/en/newsroom/news/global-warming)<br>\r\n<br>\r\nIt can be inferred from paragraph 2 that', 'Carbon dioxide and othe r pollutants blanket the atmosphere', 'Carbondioxide and other pollutants collect the suns heat.', 'The suns heat blanket the atnmosphere.', 'Carbon dioxide and other pollutants warm up the atmosphere.', 'The atmosphere accumulates carbon dioxide and other pollutants.', '', ''),
(4, 'BAHASA INGGRIS', 585, 'B', '<b>TEXT 2</b>\r\nClimate change is changing our economy , health, and communities in diverse ways. Scientist warn that if we do not aggressively curb climate change now, the results will likely be disastrous. <br>\r\nCarbon dioxide and other global warming pollutants are collecting in the atmosphere like a thickening blanket, trapping the suns and causing the planet to warm up.<br>\r\nAlthough local temperatures fluctuate naturally, over the past 50 years the average global temperature has increased at the temperatures could be 3 to 9 degrees higher by the end of the century.<br>\r\nClimate change is a complex phenomenon, and its full-scale impacts are hard to predict far in advance. But each year scientist learn more about how climate change is affecting the planet and our communities, and most agree that certain consequences are likely to occur if current trends continue. <br>\r\nIn addition to impacting our water resources, energy supply, transportation, agriculture, and ecosystems, the United States Global Changes Research Program concludes that climate change also also poses unique challenges to human health, for example, significant increases in the risk of illness and death related to extreme heat and heat waves are very ikely. Some diseases transmitted by food, water, and insects are likely to increase. Certain groups, including children, the elderly, and the poor, are most vulnerable to a range of climate-related healt effects. These impacts will result in significant costs to our families and the economy.<br>\r\nHere isi the good news: technologies exist today to make cars that run cleaner and burn less gas, modernize power plants and generate electricity from nonpolluting sources, and cut our electricity use through energy efficiency. The challenge is to be sure these sollutions are put to use. <br>\r\nNatural Resources Defense Council (NRDC) is tackling global warning on two main fronts  cutting pollution and expanding clean energy. Transitioning to a clean energy economy will bring new jobs and reduce air pollution. We cannot afford to wait.<br>\r\n(Diadaptasi dari https://group.axa.com/en/newsroom/news/global-warming)<br>\r\n<br>\r\n82.	The sentence Climate change is a complex phenomenon, and its full-scale impacts are hard to predict far in advance. In line 8, is closest in meaning to', 'It is impossible to forecast the effect of climate change', 'It is intricate to understand the nature of climate change', 'It is hard to understand the full-scale effects of climate change', 'It is complicated to predict climate change due to its full-scale effects', 'It is difficult to pricesely predict the effect of climat change due to its complex nature.', '', ''),
(4, 'BAHASA INGGRIS', 586, 'B', '<b>TEXT 2</b>\r\nClimate change is changing our economy , health, and communities in diverse ways. Scientist warn that if we do not aggressively curb climate change now, the results will likely be disastrous. <br>\r\nCarbon dioxide and other global warming pollutants are collecting in the atmosphere like a thickening blanket, trapping the suns and causing the planet to warm up.<br>\r\nAlthough local temperatures fluctuate naturally, over the past 50 years the average global temperature has increased at the temperatures could be 3 to 9 degrees higher by the end of the century.<br>\r\nClimate change is a complex phenomenon, and its full-scale impacts are hard to predict far in advance. But each year scientist learn more about how climate change is affecting the planet and our communities, and most agree that certain consequences are likely to occur if current trends continue. <br>\r\nIn addition to impacting our water resources, energy supply, transportation, agriculture, and ecosystems, the United States Global Changes Research Program concludes that climate change also also poses unique challenges to human health, for example, significant increases in the risk of illness and death related to extreme heat and heat waves are very ikely. Some diseases transmitted by food, water, and insects are likely to increase. Certain groups, including children, the elderly, and the poor, are most vulnerable to a range of climate-related healt effects. These impacts will result in significant costs to our families and the economy.<br>\r\nHere isi the good news: technologies exist today to make cars that run cleaner and burn less gas, modernize power plants and generate electricity from nonpolluting sources, and cut our electricity use through energy efficiency. The challenge is to be sure these sollutions are put to use. <br>\r\nNatural Resources Defense Council (NRDC) is tackling global warning on two main fronts  cutting pollution and expanding clean energy. Transitioning to a clean energy economy will bring new jobs and reduce air pollution. We cannot afford to wait.<br>\r\n(Diadaptasi dari https://group.axa.com/en/newsroom/news/global-warming)<br>\r\n<br>\r\nThe author presents the unique challenges to human health due to climte change by', 'Discussing several example', 'Pointing out several example', 'Explaining a research program', 'Outlining a research program', 'Making a prediction', '', ''),
(4, 'BAHASA INGGRIS', 587, 'B', 'E.	Making a prediction\r\n\r\n<b>TEXT 3</b> <br> \r\nWhat did the earliest human found outside Africa look like? To the surprise of the scientific community, it probably didnt look much like Homo erectus, the big-brained hominid long thought to be the first human intercontinental ____(84)____ The face of the newest Dmanisi skull suggests something far more primitive. As reconstructed here, it ____(85)____ chimplike Homo habilis, a 2.4-to 1.6-million-year-old hominid with long arms and short legs  proportions some have thought better suited for life in the trees than trekking from Africa. It had a thin brow, a small nose, and a brain less than half as large as a modern humans.<br> \r\nThe Dmanisi skull probably belonged to a teenager. Like skulls of young humans today. It is relatively thin walled and slender. Was it a male or female? ____(86)___, but its large canine teeth seem masculine-ale apes today use big canines in sexual or territorial display. Either way, this human likely had plenty of facial and body hair. <br>\r\n<br>\r\nThe option that best completes (84) is _______', 'Immigration', 'Migrant ', 'Migrate ', 'Migration ', 'Emigrant ', '', ''),
(4, 'BAHASA INGGRIS', 588, 'B', 'E.	Making a prediction\r\n\r\n<b>TEXT 3</b> <br> \r\nWhat did the earliest human found outside Africa look like? To the surprise of the scientific community, it probably didnt look much like Homo erectus, the big-brained hominid long thought to be the first human intercontinental ____(84)____ The face of the newest Dmanisi skull suggests something far more primitive. As reconstructed here, it ____(85)____ chimplike Homo habilis, a 2.4-to 1.6-million-year-old hominid with long arms and short legs  proportions some have thought better suited for life in the trees than trekking from Africa. It had a thin brow, a small nose, and a brain less than half as large as a modern humans.<br> \r\nThe Dmanisi skull probably belonged to a teenager. Like skulls of young humans today. It is relatively thin walled and slender. Was it a male or female? ____(86)___, but its large canine teeth seem masculine-ale apes today use big canines in sexual or territorial display. Either way, this human likely had plenty of facial and body hair. <br>\r\n<br>\r\nThe option that best completes (85) is_______', 'Resembled ', 'Belonged to ', 'Connected to ', 'Included', 'Elongated ', '', '');
INSERT INTO `soal` (`kode_jurusan`, `pelajaran`, `id_soal`, `paket`, `soal`, `opsi_a`, `opsi_b`, `opsi_c`, `opsi_d`, `opsi_e`, `jawaban`, `pembahasan`) VALUES
(4, 'BAHASA INGGRIS', 589, 'B', 'E.	Making a prediction\r\n\r\n<b>TEXT 3</b> <br> \r\nWhat did the earliest human found outside Africa look like? To the surprise of the scientific community, it probably didnt look much like Homo erectus, the big-brained hominid long thought to be the first human intercontinental ____(84)____ The face of the newest Dmanisi skull suggests something far more primitive. As reconstructed here, it ____(85)____ chimplike Homo habilis, a 2.4-to 1.6-million-year-old hominid with long arms and short legs  proportions some have thought better suited for life in the trees than trekking from Africa. It had a thin brow, a small nose, and a brain less than half as large as a modern humans.<br> \r\nThe Dmanisi skull probably belonged to a teenager. Like skulls of young humans today. It is relatively thin walled and slender. Was it a male or female? ____(86)___, but its large canine teeth seem masculine-ale apes today use big canines in sexual or territorial display. Either way, this human likely had plenty of facial and body hair. <br>\r\n<br>	The option that best completes (33) is _______ ', 'It was a female because the skull was small ', 'The skull was small suggests it might have been a female ', 'The small size skull belonged to female ', 'The skulls small size suggests it might have been a female ', 'The female small size skull belonged to teenagers ', '', ''),
(4, 'BAHASA INGGRIS', 590, 'B', '<b>TEXT 4</b> <br>\r\n<b>Text A</b> <br>\r\nBerlin (Reuters)No more Coca-Cola or Budweiser, no Marlboro, no American whiskey or even American Express cards ? a growing number of restaurants in Germany are taking everything American off their menus to protest the war in Iraq. <br>\r\nAlthough the protests are mainly symbolic, waiters in dozens of bars and restaurants in Hamburg, Berlin, Munich, Bonn and other German cities are telling patrons, \"Sorry, Coca-Cola is not available any more due to the current political situation.\"<br> \r\nThe boycotts appear to be part of a nascent worldwide movement. One Web site, www.consumers-against-war.de, calls for boycotts of 27 top American firms from Microsoft to Kodak while another, www.adbusters.org, urges the \"millions of people against the war\" to \"Boycott Brand America.\" <br>\r\nConsumer fury seems to be on the rise. Demonstrators in Paris smashed the windows of a McDonald\'s restaurant last week, forcing police in riot gear to move in to protect staff and customers of the American fast-food outlet. The attackers sprayed obscenities and \"boycott\" on the windows.<br>\r\n<br>\r\n<b>Text B</b> <br>\r\nThis economic advantage, in turn, is used to sponsor terror and killing in Islamic countries such as Afghanistan and Iraq. When product boycott was carried out by consumers in the Middle East and some in the European countries, sales of these companies is reported to be decreased by 10% and this amounted to big numbers for giant companies. Thus, it is a rational for Muslim especially in Malaysia to take similar action. Furthermore, Of late, many other products are available as an alternative for the boycotted products. For example, we have Mukmin toothpaste instead of Colgate etc. and Fab or Breeze could be replaced with Daiya, Puteri Emas etc.<br> \r\nThere are a few questions arise in regard to the boycott such as how effective is the approach and why not boycotting all the products altogether. In answering these questions, Sabasun has reiterated to look at collapse of the apartheid regime in South Africa as the best example. <br>\r\nTo answer the question in regard to why not boycotting all the products altogether, Sabasun has taken an approach to do what can be done when one cannot do all. Hence, a few products that are really needed by consumers are offered on a limited floor space and no promotion is done for the product. While products that are boycott completely will not even get space on the shelves let alone floor space. During the early phase after the campaign was in progress, the effect of the boycott is very obvious when Sabasun suffer a loss of nearly RM 150,000.<br>\r\n<br>\r\nFrom the second passage, it can be inferred that the topic discussed before the text B is', 'The basic reason for repelling American products ', 'The terror for Islamic countries ', 'The motivation for not boycotting <i> all the products altogether </i>', '<i>The effectiveness in carrying out the program </i>', 'The economic advantage of the American firms ', '', ''),
(4, 'BAHASA INGGRIS', 591, 'B', '<b>TEXT 4</b> <br>\r\n<b>Text A</b> <br>\r\nBerlin (Reuters)No more Coca-Cola or Budweiser, no Marlboro, no American whiskey or even American Express cards ? a growing number of restaurants in Germany are taking everything American off their menus to protest the war in Iraq. <br>\r\nAlthough the protests are mainly symbolic, waiters in dozens of bars and restaurants in Hamburg, Berlin, Munich, Bonn and other German cities are telling patrons, \"Sorry, Coca-Cola is not available any more due to the current political situation.\"<br> \r\nThe boycotts appear to be part of a nascent worldwide movement. One Web site, www.consumers-against-war.de, calls for boycotts of 27 top American firms from Microsoft to Kodak while another, www.adbusters.org, urges the \"millions of people against the war\" to \"Boycott Brand America.\" <br>\r\nConsumer fury seems to be on the rise. Demonstrators in Paris smashed the windows of a McDonald\'s restaurant last week, forcing police in riot gear to move in to protect staff and customers of the American fast-food outlet. The attackers sprayed obscenities and \"boycott\" on the windows.<br>\r\n<br>\r\n<b>Text B</b> <br>\r\nThis economic advantage, in turn, is used to sponsor terror and killing in Islamic countries such as Afghanistan and Iraq. When product boycott was carried out by consumers in the Middle East and some in the European countries, sales of these companies is reported to be decreased by 10% and this amounted to big numbers for giant companies. Thus, it is a rational for Muslim especially in Malaysia to take similar action. Furthermore, Of late, many other products are available as an alternative for the boycotted products. For example, we have Mukmin toothpaste instead of Colgate etc. and Fab or Breeze could be replaced with Daiya, Puteri Emas etc.<br> \r\nThere are a few questions arise in regard to the boycott such as how effective is the approach and why not boycotting all the products altogether. In answering these questions, Sabasun has reiterated to look at collapse of the apartheid regime in South Africa as the best example. <br>\r\nTo answer the question in regard to why not boycotting all the products altogether, Sabasun has taken an approach to do what can be done when one cannot do all. Hence, a few products that are really needed by consumers are offered on a limited floor space and no promotion is done for the product. While products that are boycott completely will not even get space on the shelves let alone floor space. During the early phase after the campaign was in progress, the effect of the boycott is very obvious when Sabasun suffer a loss of nearly RM 150,000.<br>\r\n<br>\r\nThe most suitable word to least change the word nascent in The boycotts appear to be part of a <b>nascent</b> worldwide movement. in the first passage is', 'Newly born ', 'Rising', 'Perilous ', 'Vital ', 'Fretting ', '', ''),
(4, 'BAHASA INGGRIS', 592, 'B', '<b>TEXT 4</b> <br>\r\n<b>Text A</b> <br>\r\nBerlin (Reuters)No more Coca-Cola or Budweiser, no Marlboro, no American whiskey or even American Express cards ? a growing number of restaurants in Germany are taking everything American off their menus to protest the war in Iraq. <br>\r\nAlthough the protests are mainly symbolic, waiters in dozens of bars and restaurants in Hamburg, Berlin, Munich, Bonn and other German cities are telling patrons, \"Sorry, Coca-Cola is not available any more due to the current political situation.\"<br> \r\nThe boycotts appear to be part of a nascent worldwide movement. One Web site, www.consumers-against-war.de, calls for boycotts of 27 top American firms from Microsoft to Kodak while another, www.adbusters.org, urges the \"millions of people against the war\" to \"Boycott Brand America.\" <br>\r\nConsumer fury seems to be on the rise. Demonstrators in Paris smashed the windows of a McDonald\'s restaurant last week, forcing police in riot gear to move in to protect staff and customers of the American fast-food outlet. The attackers sprayed obscenities and \"boycott\" on the windows.<br>\r\n<br>\r\n<b>Text B</b> <br>\r\nThis economic advantage, in turn, is used to sponsor terror and killing in Islamic countries such as Afghanistan and Iraq. When product boycott was carried out by consumers in the Middle East and some in the European countries, sales of these companies is reported to be decreased by 10% and this amounted to big numbers for giant companies. Thus, it is a rational for Muslim especially in Malaysia to take similar action. Furthermore, Of late, many other products are available as an alternative for the boycotted products. For example, we have Mukmin toothpaste instead of Colgate etc. and Fab or Breeze could be replaced with Daiya, Puteri Emas etc.<br> \r\nThere are a few questions arise in regard to the boycott such as how effective is the approach and why not boycotting all the products altogether. In answering these questions, Sabasun has reiterated to look at collapse of the apartheid regime in South Africa as the best example. <br>\r\nTo answer the question in regard to why not boycotting all the products altogether, Sabasun has taken an approach to do what can be done when one cannot do all. Hence, a few products that are really needed by consumers are offered on a limited floor space and no promotion is done for the product. While products that are boycott completely will not even get space on the shelves let alone floor space. During the early phase after the campaign was in progress, the effect of the boycott is very obvious when Sabasun suffer a loss of nearly RM 150,000.<br>\r\n<br>\r\nBoth passages are similar in terms of', 'The problem underlying in both passages ', 'The writers point of view ', 'The effect of the problem discussed ', 'The area the problem taking place ', 'The reason leading to the problem ', '', ''),
(4, 'BAHASA INGGRIS', 593, 'B', '<b>TEXT 4</b> <br>\r\n<b>Text A</b> <br>\r\nBerlin (Reuters)No more Coca-Cola or Budweiser, no Marlboro, no American whiskey or even American Express cards ? a growing number of restaurants in Germany are taking everything American off their menus to protest the war in Iraq. <br>\r\nAlthough the protests are mainly symbolic, waiters in dozens of bars and restaurants in Hamburg, Berlin, Munich, Bonn and other German cities are telling patrons, \"Sorry, Coca-Cola is not available any more due to the current political situation.\"<br> \r\nThe boycotts appear to be part of a nascent worldwide movement. One Web site, www.consumers-against-war.de, calls for boycotts of 27 top American firms from Microsoft to Kodak while another, www.adbusters.org, urges the \"millions of people against the war\" to \"Boycott Brand America.\" <br>\r\nConsumer fury seems to be on the rise. Demonstrators in Paris smashed the windows of a McDonald\'s restaurant last week, forcing police in riot gear to move in to protect staff and customers of the American fast-food outlet. The attackers sprayed obscenities and \"boycott\" on the windows.<br>\r\n<br>\r\n<b>Text B</b> <br>\r\nThis economic advantage, in turn, is used to sponsor terror and killing in Islamic countries such as Afghanistan and Iraq. When product boycott was carried out by consumers in the Middle East and some in the European countries, sales of these companies is reported to be decreased by 10% and this amounted to big numbers for giant companies. Thus, it is a rational for Muslim especially in Malaysia to take similar action. Furthermore, Of late, many other products are available as an alternative for the boycotted products. For example, we have Mukmin toothpaste instead of Colgate etc. and Fab or Breeze could be replaced with Daiya, Puteri Emas etc.<br> \r\nThere are a few questions arise in regard to the boycott such as how effective is the approach and why not boycotting all the products altogether. In answering these questions, Sabasun has reiterated to look at collapse of the apartheid regime in South Africa as the best example. <br>\r\nTo answer the question in regard to why not boycotting all the products altogether, Sabasun has taken an approach to do what can be done when one cannot do all. Hence, a few products that are really needed by consumers are offered on a limited floor space and no promotion is done for the product. While products that are boycott completely will not even get space on the shelves let alone floor space. During the early phase after the campaign was in progress, the effect of the boycott is very obvious when Sabasun suffer a loss of nearly RM 150,000.<br>\r\n<br>\r\nThe difference between the first and the second passage is that the latter', 'Asserts the economic advantage resulted from boycotting while the former claims the cause of boycotting ', 'Exposes the disserve impact of boycotting for Islamic countries while the former shows the situation in Germany ', 'Affirms the need for boycotting American products while the former depicts the activity of boycotting in Europe ', 'Repudiates the boycott toward American products while the former presents the reason of boycotting ', 'Points out the limitation of the activity while the former clarifies the need to do the activity ', '', ''),
(4, 'ARITMATIKA', 594, 'B', '92c5a5a161f5508e1ddade2004aeea6b.PNG', '5da47d3fa0af47ce0a7bf99c03148493.PNG', 'bc5117f0ac2523b20cc4c775044039b2.PNG', 'd1e5bae4b18ad98732fe0f01656ca04e.PNG', '833a6cdb6fa9f393e4110409bdad08f6.PNG', '1b8be6a61048b24f820c722fa77da4e5.PNG', '', ''),
(4, 'ARITMATIKA', 595, 'B', 'Jika x adalah bilangan genap dan yadalah bilangan ganjil maka yang merupakan bilangan ganjil adalah', '83991105c6ba5d50654c48e4b77ba67b.PNG', 'a7d6601004fcadc7fed41cd3d9cec414.PNG', 'ada221ba223990e20f07d7c3d931eef4.PNG', '2902771350ad7f446fa55ef5070b43c6.PNG', '7caab323d439b085075413e2629587b0.PNG', 'A', ''),
(4, 'ARITMATIKA', 596, 'B', 'cced6d69930307f941358d6822113cb4.PNG', '12', '10', '8', '6', '5', '', ''),
(4, 'ARITMATIKA', 597, 'B', 'd6b7a96362d0f067c65c4e8b92ad9c01.PNG', '276 detik ', '267 detik ', '176 detik ', '167 detik ', '116 detik ', 'A', ''),
(4, 'ARITMATIKA', 598, 'B', 'fefff94a0dfc8b9d6a9bc53e9584bcb1.PNG', '8', '9', '19', '20', '21', 'C', ''),
(4, 'ARITMATIKA', 599, 'B', '88eb43fdfeb4ea27bcd660721fec4eeb.PNG', 'Anggrek', 'Falentin', 'Garuda', 'Delima', 'Anggrek dan Felentin', 'B', ''),
(4, 'ARITMATIKA', 600, 'B', 'Untuk membuat sebuah baju dibutuhkan kain dengan panjang 1,5 meter dan lebar 1 meter serta 8 buah kancing. Pada suatu hari telah dihabiskan 144 kancing. Panjang kain yang telah digunakan jika lebarnya 3 meter adalah', '9 meter', '12 meter', '24 meter', '47 meter', '48 meter', '', ''),
(4, 'ARITMATIKA', 601, 'B', '63efcba95353d505b75f23fb4fceff85.PNG', 'Jan-Feb', 'Mar-Apr', 'Mei-Jun', 'Jul-Agsts', 'Sept-Okt', 'E', ''),
(4, 'POLA BARISAN', 602, 'B', '<i>Pilihlah bilangan yang paling tepat yang merupakan kelanjutan dari pola deretan bilangan pada setiap soal.</i> <br>\r\n20, 20, 100, 20, 19, 19, 95, ... ', '5', '19', '95', '195', '475', 'B', ''),
(4, 'POLA BARISAN', 603, 'B', '<i>Pilihlah bilangan yang paling tepat yang merupakan kelanjutan dari pola deretan bilangan pada setiap soal.</i> <br>\r\n27.	..., 11, 26, 22, 52, 44, 104, ..., 208 ', '13 dan 88', '11 dan 67', '15 dan 75', '15 dan 77', '19 dan 88', 'A', ''),
(4, 'POLA BARISAN', 604, 'B', '<i>Pilihlah bilangan yang paling tepat yang merupakan kelanjutan dari pola deretan bilangan pada setiap soal.</i> <br>\r\n12, 8, 16, 12, 22, 18, 30, ', '20', '24', '26', '28', '30', 'C', ''),
(4, 'POLA BARISAN', 605, 'B', '<i>Pilihlah bilangan yang paling tepat yang merupakan kelanjutan dari pola deretan bilangan pada setiap soal.</i> <br>\r\n1, 3, 7, 1, 9, 19, 7, ', '1', '8', '11', '21', '23', 'D', ''),
(4, 'POLA BARISAN', 606, 'B', '<i>Pilihlah bilangan yang paling tepat yang merupakan kelanjutan dari pola deretan bilangan pada setiap soal.</i> <br>\r\n30.	43, 45, ..., 40, 51, 35, ..., 30, 59 ', '33 dan 49', '39 dan 50', '57 dan 55', '49 dan 58', '50 dan 47', '', ''),
(4, 'POLA GAMBAR', 607, 'B', '8dcda0022f55d6a77c9a19a2084d77e1.PNG', '4ee4d86e011a01938ff1f7057fd85188.PNG', '119e74eeb2cca5153731101ba642b372.PNG', '105725a27c9683217b56ca4142ab1988.PNG', '8a804de9d5a2a0c3d430a5b1e95b267a.PNG', '7c1fd8711ac6ace43f2b7cf5b6e1fe7f.PNG', 'B', ''),
(4, 'POLA GAMBAR', 608, 'B', 'cde6e062facf7b72fecb2ae95c1ca116.PNG', '5828812880e6d99e237b1b40ce9cc218.PNG', '087cc374e729457ee03af80b4d6af11f.PNG', '9f05ddfb4ea39898fda74d38764abd6b.PNG', '03da7161fe49ea863b86c7e949b5b2c1.PNG', 'efb5622f91d92af5111d626597901719.PNG', 'C', ''),
(4, 'POLA GAMBAR', 609, 'B', '4049a00b56cff67e1e7656a24c11007b.PNG', '6c542d2e6177470e01806827f9d1db0a.PNG', '072c4dc644f8870c75d00ca3ba6a6a97.PNG', '01c8e1b1042c7603003506d075e82d86.PNG', '71443699928eb1c5375cb1bd3c4aa531.PNG', 'f6ccc094fd044780a64d95fed3d0e115.PNG', 'E', ''),
(4, 'POLA GAMBAR', 610, 'B', '08cb42debea883cd38d97dd699e5cf07.PNG', 'd67c412b8fa955bee8c9a02d8627d3b9.PNG', '48cbb16c693e8e20f0aa4130c497f922.PNG', '9c8fa60b890b2a027e5c691e944a0ca5.PNG', '0a26317a97d065a54998de84cfa17a55.PNG', '9a1c995aa210def51c317dce46be3ad7.PNG', 'C', ''),
(4, 'POLA GAMBAR', 611, 'B', '599cd8c76ace1f03345209098380442e.PNG', '47a2d90403d05544744811a760e05054.PNG', '7b8eb96e6d652d3991750091505e69d5.PNG', 'f0e35d244c200776eb9f9ebf6a195f68.PNG', 'c63e397b07c75e899d13a006480ed5bf.PNG', 'ab3e0ecfe914dc8d08b1efd1c7633a00.PNG', 'B', ''),
(4, 'POLA GAMBAR', 612, 'B', 'f85cd3f0827b726fc9ae6767b7aeb1ea.PNG', '1', '2', '3', '4', '5', 'C', ''),
(4, 'POLA GAMBAR', 613, 'B', '83217711ea2f0f4addeae02b81e5a2c6.PNG', '1', '2', '3', '4', '5', 'D', ''),
(4, 'POLA GAMBAR', 614, 'B', '5c69d340a7c28867cb710a9684f31279.PNG', '1', '2', '3', '4', '5', 'A', ''),
(4, 'POLA GAMBAR', 615, 'B', 'bfc2c36424e061331a5f94f380443adf.PNG', '1', '2', '3', '4', '5', 'D', ''),
(4, 'POLA GAMBAR', 616, 'B', '1fcc8b6dccee75d702c670f193623b8c.PNG', '1', '2', '3', '4', '5', 'C', ''),
(4, 'POLA GAMBAR', 617, 'B', 'ebaedb1f4b2c923ad353664316418984.PNG', '8132d7af8d2e7323e26d50efba9d6977.PNG', '68700128c02d3fadec3d7df99ea0eb5c.PNG', 'd2d0b2ada5967828f80ec0ab399ab791.PNG', 'd60ad188c81fd0b434803dc4799146a7.PNG', '9fa6126406fd92eddc3f79f59c0fb7af.PNG', '', ''),
(4, 'POLA GAMBAR', 618, 'B', '0df76f98975f5ef51bd81748068000b1.PNG', '27ea3c97b77ba6a31d93d3e5397e9701.PNG', 'd99942d20b6ab29c6cd2557249239f95.PNG', '806ee8d5c31ff1c33d34c07f894d3270.PNG', 'a3b17f721fd1ea5e82f509544f04d34e.PNG', 'cb3ea5f82ae094c4365d48e9d77c5c85.PNG', '', ''),
(4, 'POLA GAMBAR', 619, 'B', '4747dd0525d2bb66dfaac190b02840e5.PNG', '99de1fc2e9b377cc1f05a50638906cc3.PNG', '8c724c4aa3f74c8da20e896872b36789.PNG', 'd423e2dcbf5046e1134b960bce5f5491.PNG', 'ad9ff6349c29791e538bfdc4cf8829e4.PNG', 'c22314ce00dd4070657a9fc389655ac1.PNG', 'D', ''),
(4, 'POLA GAMBAR', 620, 'B', '8b456980dc02b3d71f70a548f4be6d45.PNG', 'b22f3d7dd4da4fa859450f7b6470f4a0.PNG', '4867d4bba4bde20c81b56bb75d05f250.PNG', 'e193ad56762795e890272de6774fe1f4.PNG', '36fa25adc205f3a7af9ee54ae66c2643.PNG', '1839e0762c1e526b91c800eb2eb561d3.PNG', 'C', ''),
(4, 'POLA GAMBAR', 621, 'B', '97bc5cbfaf41f3371e3aa7d43292f4b0.PNG', '10f14b20574df48c37f33b3c69207c7f.PNG', '02f6fcc6052800c1797c2f6c0ab5559b.PNG', '1203c93664ab42400886889c3485040c.PNG', '8349ab73ec4ee6c14182460d527656fa.PNG', '0f781e1c41cdcad1e1765f2842e32f25.PNG', '', ''),
(4, 'BAHASA INDONESIA', 622, 'B', '44e40d81eef8e95a84f423c601bd5659.PNG', 'Aktivitas pencegahan bencana alam.', 'Pentingnya rumah tahan beneana.', 'Pemetaan potensi bencana alam.', 'Perlunya sosialisasi daerah rawan bencana.', 'Kegiatan siaga dalam menghadapi bencana.', '', ''),
(4, 'BAHASA INDONESIA', 623, 'B', 'Media massa dalam perkembangannya telah bertransformasi menjadi sebuah industri\r\nbisnis yang menjanjikan karena kebutuhan masyarakat akan informasi dan hiburan\r\nsemakin bertambah. <br>\r\nMakna istilah<i> bertransformasi</i> dalam kalimat di atas adalah ....', 'berubah bentuk.', 'berpindah haiuan.', 'berbeda tujuan.', 'berpindah sasaran.', 'berubah pemberitaan.', '', ''),
(4, 'BAHASA INDONESIA', 624, 'B', '<i>Abrasi merupakan proses fisik yang menyebabkan degradasi lahan kawasan pesisir.\r\nAbrasi dipengaruhi oleh tenaga gelombang air laut. Gelombang pasang air laut yang\r\nmenghantam daratan akan menggerus bibir pantai, menghanyutkan material pantai, dan\r\nmengakibatkan kerusakan lahan dan segala sesuatu di atasnya.</i> <br>\r\nIde pokok paragraf di atas adalah ....', 'Abrasi merupakan proses fisik yang menyebabkan degradasi lahan kawasan pesisir. Abrasi dipengaruhi oleh tenaga gelombang air laut. Gelombang pasang air laut yang menghantam daratan akan menggerus bibir pantai, menghanyutkan material pantai, dan mengakibatkan kerusakan lahan dan segala sesuatu di atasnya. Ide pokok paragraf di atas adalah ....', 'faktor penyebab terjadinya abrasi.', 'tahap-tahap terjadinya abrasi.', 'pemicu terjadinya abrasi.', 'proses penggerusan pantai dan abrasi.', '', ''),
(4, 'BAHASA INDONESIA', 625, 'B', '<i>Udara yang kotor karena debu ataupun asap sisa pembakaran menyebabkan kadar\r\noksigen berkurang sehingga sangat membahayakan kelangsungan hidup satiap\r\norganisme.</i> <br>\r\nKalimat di atas merupakan perluasan dari kalimat dasar ....', 'Udara kotor berkurang.', 'Udara kotor menyebabkan oksigen berkurang,', 'Asap menyebabkan oksigen.', 'Udara kotor membahayakan.', 'Asap sisa pembakaran membahayakan.', '', ''),
(4, 'BAHASA INDONESIA', 626, 'B', '<i>(1) Pada setiap adanya pembaruan kurikulum, pihak dinas pendidikan dituntut untuk\r\nsecara cepat melakukan penyesuaian terhadap para pelaksana di lapangan. (2) Akan\r\ntetapi, kenyataan berbicara lain yakni umumnya penanganan pengembangan tenaga\r\npelaksana di lapangan berjalan sangat lambat.</i> <br>\r\nEjaan pada kalimat (1) dan kalimat (2) di atas menjadi benar jika diperbaiki dengan\r\ncara ....', 'menghilangkan tanda koma (,) setelah kata <i> kurikulum</i> (kalimat 1).', 'menulis kata <i>dinas pendidikan(/i> (kalimat 1) dengan huruf awal kapital.', 'mengubah kata <i>pada setiap</i> (kalimat 1) menjadi<i> perihal </i>', 'menghilangkan tanda koma (,) setelah kata <i>akan tetapi</i> (kalimat 2),', 'menambahkan tanda koma (,) setelah kata <i>lain</i> (kalimat 2).', '', ''),
(1, 'MATEMATIKA IPA', 627, 'C', 'Jika rata-rata 30 bilangan bulat nonnegatif berbeda adalah 16, maka bilangan terbesar yang mungkin adalah .', '74', '70', '68', '62', '58', 'A', ''),
(1, 'MATEMATIKA IPA', 628, 'C', 'Jika  f (x) = ax<sup>3</sup> + 3bx<sup>2</sup> + (2a - b)x + 4  dibagi dengan (x-1) sisanya 10, sedangkan jika dibagi (x + 2) sisanya 2.<br?\r\nNilai a dan b berturut-turut adalah ....', 'fc44343e21d8f1ce00a9684561f26375.JPG', 'b47b835c833ef3ad997aa351e406eb78.JPG', '87f172c97f8912018ff6560b93984f17.JPG', '600064e74748f5af801ec8fce11e01cf.JPG', '0b8b91ff5d3d2a1303fa5f315fcc0488.JPG', 'A', ''),
(1, 'MATEMATIKA IPA', 629, 'C', 'Luas daerah di kuadran IV yang dibatasi oleh grafik y = 4 sin<sup>2</sup> 2x - 4 , sumbu-x dan juga sumbu-y adalah ....', 'be221061802682f1f90f184e268ab006.JPG', 'ea5e46200ac0270168ee386b329991e3.JPG', '9235eb52a5c29ef2bfbd0954b0e96c6d.JPG', '079f4dbfc1700c4c4d0179c4d71da694.JPG', '1aac2d7480f5f94525b37265e474c89b.JPG', 'E', ''),
(4, 'MATEMATIKA DASAR', 630, 'A', 'Himpunan penyelesaian pertidaksamaan < adalah ....', '{x | -1 < x < 6}', '{x | -2 < x &le; 0 atau x &ge; 2}', '{x | x &ge; -2}', '{x | -2 &le; x &le; 0 atau 2 &le; x < 6}', '{x | -1 < x &le; 0 atau 2 &le; x < 6}', 'E', ''),
(4, 'MATEMATIKA DASAR', 631, 'A', 'Jumlah suku ke-4 dan suku ke-.5 . dari suatu barisan aritmetika adalah 55, sedangkan suku ke-9 dikurangi dua kali suku ke-2 bernilai 1. Jumlah tiga suku pertama barisan tersebut\r\nadalah ....', '17', '35', '37', '40', '60', 'E', ''),
(4, 'MATEMATIKA DASAR', 632, 'A', ' Diketahui dan akar-akar real persamaan x 2 + 3x + p = 0, dengan dan kedua-duanya tidak\r\nsama dengan nol. Jika , , dan merupakan 3 suku pertama barisan aritmetika maka nilai p =\r\n....', '-3', '-1', '0', '1', '3', 'B', ''),
(4, 'MATEMATIKA DASAR', 633, 'A', 'Untuk 0 &lt; a &lt; 10, fungsi kuadrat f(x) = ax 2 + 2ax + 10 memenuhi sifat ....', 'selalu negatif', 'selalu positif', 'hanya positif di setiap x, dengan 0 &lt; x &lt; 10', 'hanya negatif di setiap x, dengan 0 &lt; x &lt; 10', 'hanya positif di setiap x, dengan x &lt; 0 atau x &gt; 10', 'B', ''),
(4, 'MATEMATIKA DASAR', 634, 'A', 'Jika 4 log6 = m + 1, maka 9 log8 = ....', '', '', '', '', '', 'B', ''),
(4, 'MATEMATIKA DASAR', 635, 'A', 'Jika matriks A = ( ) dan I = ( ) memenuhi persamaan A 2 = pA + qI , maka p  q = ....', '12', '9', '8', '1', '-1', 'E', ''),
(4, 'VERBAL', 636, 'A', '<i>Pilihlah pasangan kata yang paling tepat untuk mengisi titik-titik (...) pada setiap nomor soal, sehingga hubungan antara dua kata di bagian kiri tanda &asymp; sepadan dengan hubungan antara dua kata di bagian kanan tanda &asymp;</i>\r\n<br>\r\nMati : ... &asymp;... : basi', 'Layu-busuk', 'Sakit-segar', 'Rontok-jamur', 'Gugur-bakteri', 'Sehat-fermentasi', 'A', ''),
(4, 'VERBAL', 720, 'A', '... : malu &asymp; posesif : ...  ', 'takut &mdash; cemburu ', 'baik &mdash; sayang', 'mulia &mdash; males', 'benar &mdash; salah', 'minder &mdash; memiliki', 'A', ''),
(4, 'VERBAL', 638, 'A', '<i>Pilihlah pasangan kata yang paling tepat untuk mengisi titik-titik (...) pada setiap nomor soal, sehingga hubungan antara dua kata di bagian kiri tanda &asymp; sepadan dengan hubungan antara dua kata di bagian kanan tanda &asymp;</i>\r\n<br><br>\r\nAkses : ... &asymp;... : Kacau', 'Jalan - Borgol', 'Buntu - Aturan', 'Macet - Penjara', 'Lewat - Merdeka', 'Jaringan - Sangkar', 'B', ''),
(4, 'POLA BARISAN', 719, 'A', '1, 3, 7, 1, 9, 19, 7, ', '1', '8', '11', '21', '23', 'D', ''),
(4, 'POLA BARISAN', 718, 'A', '..., 11, 26, 22, 52, 44, 104, ..., 208', '13 dan 88', '11 dan 67', '15 dan 75', '15 dan 77', '19 dan 88', 'A', ''),
(4, 'MATEMATIKA DASAR', 641, 'A', 'Seorang penjahit akan membuat 2 model pakaian. Dia mempunyai persediaan kain batik\r\n40 meter dan kain polos 15 meter. Model A memerlukan 1 meter kain batik dan 1,5 meter kain polos, sedang model B memerlukan 2 meter kain batik dan 0,5 meter kain\r\npolos. Maksimum banyak pakaian yang mungkin dapat dibuat adalah ....', '10', '20', '22', '25', '30', 'C', ''),
(4, 'MATEMATIKA DASAR', 642, 'A', 'Jika a, b, dan c membentuk barisan geometri, maka log a, log b, log c adalah ....', 'Barisan aritmetika dengan beda log', 'Barisan aritmetika dengan beda', 'Barisan geometri dengan rasio log', 'Barisan geometri dengan rasio', 'Bukan barisan aritmetika dan bukan barisan geometri', 'A', ''),
(4, 'MATEMATIKA DASAR', 643, 'A', 'Dalam suatu kelas terdapat 23 siswa. Rata  rata nilai ujian Matematika mereka adalah 7. Terdapat hanya 2 orang memperoleh nilai sama yang merupakan nilai tertinggi dan hanya 1 orang yang memperoleh nilai terendah. Rata  rata nilai mereka berkurang 0,1 jika semua nilai tertinggi dan nilai terendah di keluarkan. Jika semua nilai tersebut berupa bilangan cacah satu angka, maka jangkauan data yang mungkin ....', '6', '5', '4', '3', '2', 'C', ''),
(4, 'MATEMATIKA DASAR', 644, 'A', 'Jika &alpha; terletak antara 0 dan 90 sehingga cos &alpha; cos 2 &alpha; = 0,25, maka nilai ? adalah .... ', '30', '32', '34', '36', '45', 'D', ''),
(4, 'MATEMATIKA DASAR', 645, 'A', 'Jika fungsi f(x) = a 2 x 2 - 12x + c 2 menyinggung sumbu X di x = , maka a 2 - c 2 = ....', '1', '2', '3', '5', '7', 'D', ''),
(4, 'BAHASA INDONESIA', 646, 'A', 'Salah satu sumber energi yang agak permanen adalah geotermal, yaitu energi panas yang dihasilkan dari perut bumi. Jauh di bawah permukaan bumi terdapat sumber panas yang sangat tinggi sehingga semua batuan, bahkan semua benda berubah menjadi cair. Batuan cair yang bersuhu tinggi tersebut dinamakan magma. Magma selalu memanasi kerak bumi sehingga temperatur lapisan kulit keras baja (25 sampai dengan 50 km) sekitar 200 - 1.000 derajat celcius. Sementara itu, pada pusat bumi (6.378 km) temperatur berkisar antara 3.500 - 4.500 derajat celcius.<br>\r\n Ide pokok bacaan di atas adalah ....', 'energi geotermal.', 'energi panas perut bumi.', 'sumber panas bumi.', 'magma', 'pusat bumi', 'A', ''),
(4, 'BAHASA INDONESIA', 647, 'A', 'Salah satu sumber energi yang agak permanen adalah geotermal, yaitu energi panas yang dihasilkan dari perut bumi. Jauh di bawah permukaan bumi terdapat sumber panas yang sangat tinggi sehingga semua batuan, bahkan semua benda berubah menjadi cair. Batuan cair yang bersuhu tinggi tersebut dinamakan magma. Magma selalu memanasi kerak bumi sehingga temperatur lapisan kulit keras baja (25 sampai dengan 50 km) sekitar 200 - 1.000 derajat celcius. Sementara itu, pada pusat bumi (6.378 km) temperatur berkisar antara 3.500 - 4.500 derajat celcius.\r\n<br>\r\nPernyataan berikut yang sesuai dengan isi bacaan di atas adalah ....', 'Semakin rendah posisi suatu tempat, sernakin rendah pula suhu udaranya.', 'Semakin rendah posisi suatu tempat, semakin sejuk udaranya.', 'Suhu udara di daerah pegunungan lebih panas danpada di daerah pantai', 'Pada kedalaman 10 meter, orang akan rnerasakan suhu udara yang panas.', 'Ketika mendekali pusat bumi, magma akan rnenjadi kerak burni.', 'D', ''),
(4, 'BAHASA INDONESIA', 648, 'A', '<b>Teks 2</b><br>\r\n(1) Minimnya kebijakan yang menghasilkan suasana kondusif bagi pendidikan nasional membuat masyarakat, terutama orang tua, beralih ke kurikulum asing. (2) Padahal, hal itu dapat mengakibatkan kesadaran bangsa atas identitas nasional melemah dan berisiko mencetak generasi yang tidak  empedulikan kesejahteraan nasional. (3) Selama beberapa dekade terakhir, kebijakan ekonomi, sosial, dan politik di Indonesia kehilangan arah dan sekadar menjadi pengikut tren pemikiran dari luar. (4) Pendidikan pun terkena imbasnya, ujar pakar pendidikan, H.A.R. Tilaar. (5) Tilaar menuturkan, arah pembangunan nasional tidak lagi sejalan dengan jiwa Undang-Undang Dasar 1945, terutama alinea yang menyatakan mencerdaskan kehidupan bangsa. (6) Pembangunan nasional mempersiapkan Indonesia memasuki peradaban global, tetapi tidak dengan memperkuat akar keindonesiaan. (7) Wajar jika banyak orang tua di Indonesia menjadi pragmatis. (8) Mereka memiliki pola pikir yang menganggap kurikulum asing, seperti International Baccalaureate dan Cambridge, lebih baik daripada kurikulum nasional. (9) Selain itu, orang tua tidak lagi memandang pelajaran Kewarganegaraan, Sejarah, dan Bahasa Indonesia sebagai pelajaran penting. (10) Umumnya, mereka berpendapat ketiga pelajaran itu cukup diketahui, tetapi tidak perlu dijadikan pelajaran wajib.\r\n<br>\r\nPertanyaan manakah yang sesuai dengan isi teks tersebut?', 'Apa yang menyebabkan minimnya kebijakan yang menciptakan suasana kondusif bagi pendidikan nasional?', 'Mengapa kurikulum asing dikatakan dapat berakibat pada melemahnya kesadaran bangsa atas identitas nasional?', 'Bagaimana pendapat H.A.R. Tilaar tentang arah pembangunan pendidikan di Indonesia?', 'Mengapa orang tua menganggap pelajaran Kewarganegaraan, Sejarah, dan Bahasa Indonesia tidak penting?', 'Apa upaya yang dapat dilakukan untuk memperkuat akar keindonesiaan masyarakat?', 'C', ''),
(4, 'BAHASA INDONESIA', 649, 'A', '<b>Teks 2</b><br>\r\n(1) Minimnya kebijakan yang menghasilkan suasana kondusif bagi pendidikan nasional membuat masyarakat, terutama orang tua, beralih ke kurikulum asing. (2) Padahal, hal itu dapat mengakibatkan kesadaran bangsa atas identitas nasional melemah dan berisiko mencetak generasi yang tidak  empedulikan kesejahteraan nasional. (3) Selama beberapa dekade terakhir, kebijakan ekonomi, sosial, dan politik di Indonesia kehilangan arah dan sekadar menjadi pengikut tren pemikiran dari luar. (4) Pendidikan pun terkena imbasnya, ujar pakar pendidikan, H.A.R. Tilaar. (5) Tilaar menuturkan, arah pembangunan nasional tidak lagi sejalan dengan jiwa Undang-Undang Dasar 1945, terutama alinea yang menyatakan mencerdaskan kehidupan bangsa. (6) Pembangunan nasional mempersiapkan Indonesia memasuki peradaban global, tetapi tidak dengan memperkuat akar keindonesiaan. (7) Wajar jika banyak orang tua di Indonesia menjadi pragmatis. (8) Mereka memiliki pola pikir yang menganggap kurikulum asing, seperti International Baccalaureate dan Cambridge, lebih baik daripada kurikulum nasional. (9) Selain itu, orang tua tidak lagi memandang pelajaran Kewarganegaraan, Sejarah, dan Bahasa Indonesia sebagai pelajaran penting. (10) Umumnya, mereka berpendapat ketiga pelajaran itu cukup diketahui, tetapi tidak perlu dijadikan pelajaran wajib.\r\n<br>\r\nMasalah utama dalam bacaan tersebut adalah...', 'masyarakat beralih ke kurikulum asing', 'kesadaran atas identitas nasional melemah.', 'kebijakan ekonomi kehilangan arah.', 'Indonesia memasuki peradaban global.', 'kurikulum asing lebih baik daripada kurikulum nasional.', 'A', ''),
(4, 'BAHASA INDONESIA', 650, 'A', '<b>Teks 2</b><br>\r\n(1) Minimnya kebijakan yang menghasilkan suasana kondusif bagi pendidikan nasional membuat masyarakat, terutama orang tua, beralih ke kurikulum asing. (2) Padahal, hal itu dapat mengakibatkan kesadaran bangsa atas identitas nasional melemah dan berisiko mencetak generasi yang tidak  empedulikan kesejahteraan nasional. (3) Selama beberapa dekade terakhir, kebijakan ekonomi, sosial, dan politik di Indonesia kehilangan arah dan sekadar menjadi pengikut tren pemikiran dari luar. (4) Pendidikan pun terkena imbasnya, ujar pakar pendidikan, H.A.R. Tilaar. (5) Tilaar menuturkan, arah pembangunan nasional tidak lagi sejalan dengan jiwa Undang-Undang Dasar 1945, terutama alinea yang menyatakan mencerdaskan kehidupan bangsa. (6) Pembangunan nasional mempersiapkan Indonesia memasuki peradaban global, tetapi tidak dengan memperkuat akar keindonesiaan. (7) Wajar jika banyak orang tua di Indonesia menjadi pragmatis. (8) Mereka memiliki pola pikir yang menganggap kurikulum asing, seperti International Baccalaureate dan Cambridge, lebih baik daripada kurikulum nasional. (9) Selain itu, orang tua tidak lagi memandang pelajaran Kewarganegaraan, Sejarah, dan Bahasa Indonesia sebagai pelajaran penting. (10) Umumnya, mereka berpendapat ketiga pelajaran itu cukup diketahui, tetapi tidak perlu dijadikan pelajaran wajib.\r\n<br>\r\nKalimat (10) akan menjadi baku bila diperbaiki dengan cara ?', 'menghilangkan tanda koma setelah kata umumnya.', 'menambahkan kata bahwa setelah kata berpendapat.', 'mengganti kata diketahui dengan kata mengetahui.', 'menghilangkan kata tetapi.', 'menghilangkan kata pelajaran sebelum kata wajib', 'B', ''),
(4, 'BAHASA INDONESIA', 651, 'A', '<b>Teks 2</b><br>\r\n(1) Minimnya kebijakan yang menghasilkan suasana kondusif bagi pendidikan nasional membuat masyarakat, terutama orang tua, beralih ke kurikulum asing. (2) Padahal, hal itu dapat mengakibatkan kesadaran bangsa atas identitas nasional melemah dan berisiko mencetak generasi yang tidak  empedulikan kesejahteraan nasional. (3) Selama beberapa dekade terakhir, kebijakan ekonomi, sosial, dan politik di Indonesia kehilangan arah dan sekadar menjadi pengikut tren pemikiran dari luar. (4) Pendidikan pun terkena imbasnya, ujar pakar pendidikan, H.A.R. Tilaar. (5) Tilaar menuturkan, arah pembangunan nasional tidak lagi sejalan dengan jiwa Undang-Undang Dasar 1945, terutama alinea yang menyatakan mencerdaskan kehidupan bangsa. (6) Pembangunan nasional mempersiapkan Indonesia memasuki peradaban global, tetapi tidak dengan memperkuat akar keindonesiaan. (7) Wajar jika banyak orang tua di Indonesia menjadi pragmatis. (8) Mereka memiliki pola pikir yang menganggap kurikulum asing, seperti International Baccalaureate dan Cambridge, lebih baik daripada kurikulum nasional. (9) Selain itu, orang tua tidak lagi memandang pelajaran Kewarganegaraan, Sejarah, dan Bahasa Indonesia sebagai pelajaran penting. (10) Umumnya, mereka berpendapat ketiga pelajaran itu cukup diketahui, tetapi tidak perlu dijadikan pelajaran wajib.\r\n<br>\r\nBagaimanakah hubungan isi antarparagraf dalam bacaan tersebut?', 'Paragraf kedua merupakan ilustrasi paragraf pertama.', 'Paragraf kedua merupakan akibat dari paragraf pertama.', 'Paragraf ketiga merupakan penjelasan paragraf pertama.', 'Paragraf ketiga merupakan penyebab paragraf kedua.', 'Paragraf ketiga merupakan akibat kedua paragraf di atas.', 'E', ''),
(4, 'BAHASA INDONESIA', 652, 'A', '<b>Teks 2</b><br>\r\n(1) Minimnya kebijakan yang menghasilkan suasana kondusif bagi pendidikan nasional membuat masyarakat, terutama orang tua, beralih ke kurikulum asing. (2) Padahal, hal itu dapat mengakibatkan kesadaran bangsa atas identitas nasional melemah dan berisiko mencetak generasi yang tidak  empedulikan kesejahteraan nasional. (3) Selama beberapa dekade terakhir, kebijakan ekonomi, sosial, dan politik di Indonesia kehilangan arah dan sekadar menjadi pengikut tren pemikiran dari luar. (4) Pendidikan pun terkena imbasnya, ujar pakar pendidikan, H.A.R. Tilaar. (5) Tilaar menuturkan, arah pembangunan nasional tidak lagi sejalan dengan jiwa Undang-Undang Dasar 1945, terutama alinea yang menyatakan mencerdaskan kehidupan bangsa. (6) Pembangunan nasional mempersiapkan Indonesia memasuki peradaban global, tetapi tidak dengan memperkuat akar keindonesiaan. (7) Wajar jika banyak orang tua di Indonesia menjadi pragmatis. (8) Mereka memiliki pola pikir yang menganggap kurikulum asing, seperti International Baccalaureate dan Cambridge, lebih baik daripada kurikulum nasional. (9) Selain itu, orang tua tidak lagi memandang pelajaran Kewarganegaraan, Sejarah, dan Bahasa Indonesia sebagai pelajaran penting. (10) Umumnya, mereka berpendapat ketiga pelajaran itu cukup diketahui, tetapi tidak perlu dijadikan pelajaran wajib.\r\n<br>\r\nDalam bacaan tersebut terdapat bentukan kata yang tidak tepat, yaitu', 'kata mempedulikan dalam kalimat (2).', 'kata pengikut dalam kalimat (3).', 'kata menuturkan dalam kalimat (5).', 'kata memperkuat dalam kalimat (6).', 'kata kewarganegaraan dalam kalimat (9).', 'A', ''),
(4, 'BAHASA INDONESIA', 653, 'A', 'Sejak dulu hingga kini, ilmu bahasa mengalami perkembangan yang sangat pesat. Perkembangan itu terjadi berkat berbagai temuan baru dalam bidang tersebut. Kajian-kajian baru muncul karena ketidakpuasan terhadap hasil kajian sebelumnya yang menunjukkan ketidaktuntasan dalam menyusun deskripsi bahasa. Di samping itu, perkembangan ilmu bahasa ini disebabkan juga oleh adanya perbedaan sudut pandang yang digunakan oleh para ahli dalam meneliti bahasa. Akhimya, perkembangan ini berpengaruh pada praktik pengajaran bahasa.\r\n<br>\r\nPernyataan berikut ini yang secara tersirat memiliki kesamaan dengan isi paragraf di atas adalah ....', 'Pembelajaran bahasa Indonesia mengalami perkembangan dari waklu ke waktu.', 'Perkembangan ilmu bahasa disebabkan oleh praktik pengajaran bahasa di sekolah.', 'Hasil kajian bahasa selalu tidak memuaskan para pemakai bahasa sehingga terus- menerus dilakukan penelitian.', 'Sampai saat ini belum ada deskripsi bahasa yang lengkap dan utuh yang didasarkan pada hasil kajian bahasa.', 'Pengajaran bahasa tidak akan mengalami perkembangan jika tidak ada kajian bahasa.', 'A', ''),
(4, 'BAHASA INDONESIA', 654, 'A', '<b>Teks 3</b><br>\r\nBanyak ungkapan dalam dunia politik. Ungkapan itu dipergunakan untuk menamai atau memberi label. Salah satu ungkapan yang masih sangat dikenal umum adalah polilik sebagai panglima. Ungkapan ini memiliki konotasi yang negatif. Bahkan, ungkapan tersebut memiliki potensi menakutkan rnasyarakat. Konon, dahulu ungkapan itu mengandung aneaman, khususnya bagi pihak yang tidak sepaham dalam ideologi politik.<br>\r\nPernyataan berikut yang sesuai dengan isi baeaan di alas adalah ....', 'Ungkapan politik sebagai panglima berkembang pada masa silam.', 'Setiap politik memiliki label yang berbeda-beda.', 'Ungkapan dalam dunia politik sering membuat masyarakat takut.', 'Setiap insan memperoleh ancaman dalam masalah politik.', 'Ketidaksepahaman ideologi politik terjadi di masyarakat.', 'B', ''),
(4, 'BAHASA INDONESIA', 655, 'A', '<b>Teks 3</b><br>\r\nBanyak ungkapan dalam dunia politik. Ungkapan itu dipergunakan untuk menamai atau memberi label. Salah satu ungkapan yang masih sangat dikenal umum adalah polilik sebagai panglima. Ungkapan ini memiliki konotasi yang negatif. Bahkan, ungkapan tersebut memiliki potensi menakutkan rnasyarakat. Konon, dahulu ungkapan itu mengandung aneaman, khususnya bagi pihak yang tidak sepaham dalam ideologi politik.<br>\r\nIde pokok baeaan di atas adalah ....', 'politik sebagai panglima.', 'ungkapan dalam bidang polilik.', 'ketakutan masyarakat terhadap ungkapan di bidang politik.', 'ketidaksepahaman dalam memilih ideologi polilik', 'tujuan ungkapan di bidang polilik.', 'B', ''),
(4, 'BAHASA INDONESIA', 656, 'A', 'Setidaknya terdapat tiga hal yang perlu dilakukan dalam menghadapi bencana alam. Pertama, pencegahan, yakni membuat peta potensi bencana seperti dalam atlas dari Bakosurtanal. Yang kedua adalah mitigasi atau penjinakan. Jika suatu daerah termasuk rawan gempa, berarti rumah yang dibangun di daerah itu harus tahan gempa. Ketiga adalah peringatan dini (kesiapsiagaan). Hal ini perlu dilatihkan kepada masyarakat melalui sosialisasi dan simulasi berkelanjutan.\r\n<br>\r\nMasalah utama paragraf di atas adalah ...', 'Aktivitas pencegahan bencana alam.', 'Pentingnya rumah tahan beneana.', 'Pemetaan potensi bencana alam.', 'Perlunya sosialisasi daerah rawan bencana.', 'Kegiatan siaga dalam menghadapi bencana.', 'A', ''),
(4, 'BAHASA INDONESIA', 657, 'A', 'Media massa dalam perkembangannya telah bertransformasi menjadi sebuah industri bisnis yang menjanjikan karena kebutuhan masyarakat akan informasi dan hiburan semakin bertambah.<br>\r\nMakna istilah bertransformasi dalam kalimat di atas adalah ....', 'berubah bentuk.', 'berpindah haiuan', 'berbeda tujuan.', 'berpindah sasaran.', 'berubah pemberitaan', 'A', ''),
(4, 'BAHASA INDONESIA', 658, 'A', 'Abrasi merupakan proses fisik yang menyebabkan degradasi lahan kawasan pesisir. Abrasi dipengaruhi oleh tenaga gelombang air laut. Gelombang pasang air laut yang menghantam daratan akan menggerus bibir pantai, menghanyutkan material pantai, dan mengakibatkan kerusakan lahan dan segala sesuatu di atasnya.\r\n<br>\r\nIde pokok paragraf di atas adalah ....', 'pengertian abrasi.', 'faktor penyebab terjadinya abrasi', 'tahap-tahap terjadinya abrasi.', 'pemicu terjadinya abrasi.', 'proses penggerusan pantai dan abrasi', 'A', ''),
(4, 'BAHASA INDONESIA', 659, 'A', 'Udara yang kotor karena debu ataupun asap sisa pembakaran menyebabkan kadar oksigen berkurang sehingga sangat membahayakan kelangsungan hidup satiap  organisme.\r\n<br>\r\nKalimat di atas merupakan perluasan dari kalimat dasar ....', 'Udara kotor berkurang.', 'Udara kotor menyebabkan oksigen berkurang', 'Asap menyebabkan oksigen', 'Udara kotor membahayakan', 'Asap sisa pembakaran membahayakan.', 'B', ''),
(4, 'BAHASA INDONESIA', 660, 'A', '(1) Pada setiap adanya pembaruan kurikulum, pihak dinas pendidikan dituntut untuk secara cepat melakukan penyesuaian terhadap para pelaksana di lapangan. (2) Akan tetapi, kenyataan berbicara lain yakni umumnya penanganan pengembangan tenaga pelaksana di lapangan berjalan sangat lambat. \r\n<br>\r\nEjaan pada kalimat (1) dan kalimat (2) di atas menjadi benar jika diperbaiki dengan cara ....', 'menghilangkan tanda koma (,) setelah kata kurikulum (kalimat 1).', 'menulis kata dinas pendidikan (kalimat 1) dengan huruf awal kapital', 'mengubah kata pada setiap (kalimat 1) menjadi perihal', 'menghilangkan tanda koma (,) setelah kata akan tetapi (kalimat 2)', 'menambahkan tanda koma (,) setelah kata lain (kalimat 2)', 'E', ''),
(4, 'BAHASA INGGRIS', 661, 'A', '<b>Questions are based on the following text.</b><br>\r\nMotion sickness comes in many forms, not just seasickness. Ninety percent of the human race is susceptible to motion sickness one kind or another. Some people become sick when they sit in the backseat of a car, others cannot read or look at a map in any kind of moving vehicle. People get motion sickness on airplanes, motorcycles, amusement park rides, and even on camels. Scientist have learned that motion sickness occurs when the brain is trying to make sense of a situation and there are too many conflicting messages. While the eyes are sending one message, the ears are trying to send a message about balance. The skin and bone joints, sensitive to air pressure, send another message. Many people who have experienced violent motion sickness try to avoid travel. But that is not always possible. So travelers should employ some well-known strategies to avoid getting sick. The most useful strategy concern food, eat a light meal before travelling and bring along a packet of plain soda crackers to snack on regularly. Avoid alcoholic and carbonated beverages, high-fat, and spices. Care in choosing the location of your seat is another important strategy. In car, sit at the front and keep your eyes fixed on the horizon. People who still got sick after trying these strategies can try medical help. Some rely on over the counter medications, although some of them can make you sleepy. Others use simple ginger capsules to settle their stomach. A large number of travelers use pressure bands of their wrists. It is not clear how these bands work, but they do prevent motion sickness.<br>\r\nA suitable title for the text is.', 'Motion Sickness', 'Inability to avoid Motion Sickness', 'Effect of Motion Sickness', 'The Worst Kind of Motion Sickness', 'Susceptibility to Motion sickness', 'A', ''),
(4, 'BAHASA INGGRIS', 662, 'A', '<b>Questions are based on the following text.</b><br>\r\nMotion sickness comes in many forms, not just seasickness. Ninety percent of the human race is susceptible to motion sickness one kind or another. Some people become sick when they sit in the backseat of a car, others cannot read or look at a map in any kind of moving vehicle. People get motion sickness on airplanes, motorcycles, amusement park rides, and even on camels. Scientist have learned that motion sickness occurs when the brain is trying to make sense of a situation and there are too many conflicting messages. While the eyes are sending one message, the ears are trying to send a message about balance. The skin and bone joints, sensitive to air pressure, send another message. Many people who have experienced violent motion sickness try to avoid travel. But that is not always possible. So travelers should employ some well-known strategies to avoid getting sick. The most useful strategy concern food, eat a light meal before travelling and bring along a packet of plain soda crackers to snack on regularly. Avoid alcoholic and carbonated beverages, high-fat, and spices. Care in choosing the location of your seat is another important strategy. In car, sit at the front and keep your eyes fixed on the horizon. People who still got sick after trying these strategies can try medical help. Some rely on over the counter medications, although some of them can make you sleepy. Others use simple ginger capsules to settle their stomach. A large number of travelers use pressure bands of their wrists. It is not clear how these bands work, but they do prevent motion sickness.<br>\r\n A person get motion sickness because of.', 'sitting in vehicles', 'reading a book while traveling', 'waiting for the airplane to come', 'the conflicting messages received by the brain', 'watching rides in the amusement park', 'D', ''),
(4, 'BAHASA INGGRIS', 663, 'A', '<b>Questions are based on the following text.</b><br>\r\nMotion sickness comes in many forms, not just seasickness. Ninety percent of the human race is susceptible to motion sickness one kind or another. Some people become sick when they sit in the backseat of a car, others cannot read or look at a map in any kind of moving vehicle. People get motion sickness on airplanes, motorcycles, amusement park rides, and even on camels. Scientist have learned that motion sickness occurs when the brain is trying to make sense of a situation and there are too many conflicting messages. While the eyes are sending one message, the ears are trying to send a message about balance. The skin and bone joints, sensitive to air pressure, send another message. Many people who have experienced violent motion sickness try to avoid travel. But that is not always possible. So travelers should employ some well-known strategies to avoid getting sick. The most useful strategy concern food, eat a light meal before travelling and bring along a packet of plain soda crackers to snack on regularly. Avoid alcoholic and carbonated beverages, high-fat, and spices. Care in choosing the location of your seat is another important strategy. In car, sit at the front and keep your eyes fixed on the horizon. People who still got sick after trying these strategies can try medical help. Some rely on over the counter medications, although some of them can make you sleepy. Others use simple ginger capsules to settle their stomach. A large number of travelers use pressure bands of their wrists. It is not clear how these bands work, but they do prevent motion sickness.<br>\r\nVictims of motion sickness can reduce the chance of becoming sick by doing following, except.', 'avoiding spicy foods', 'eating a light before traveling', 'consuming high-fat food', 'taking the back-seat in a car', 'not consuming alcohol', 'E', '');
INSERT INTO `soal` (`kode_jurusan`, `pelajaran`, `id_soal`, `paket`, `soal`, `opsi_a`, `opsi_b`, `opsi_c`, `opsi_d`, `opsi_e`, `jawaban`, `pembahasan`) VALUES
(4, 'BAHASA INGGRIS', 664, 'A', '<b>Questions are based on the following text.</b><br>\r\nMotion sickness comes in many forms, not just seasickness. Ninety percent of the human race is susceptible to motion sickness one kind or another. Some people become sick when they sit in the backseat of a car, others cannot read or look at a map in any kind of moving vehicle. People get motion sickness on airplanes, motorcycles, amusement park rides, and even on camels. Scientist have learned that motion sickness occurs when the brain is trying to make sense of a situation and there are too many conflicting messages. While the eyes are sending one message, the ears are trying to send a message about balance. The skin and bone joints, sensitive to air pressure, send another message. Many people who have experienced violent motion sickness try to avoid travel. But that is not always possible. So travelers should employ some well-known strategies to avoid getting sick. The most useful strategy concern food, eat a light meal before travelling and bring along a packet of plain soda crackers to snack on regularly. Avoid alcoholic and carbonated beverages, high-fat, and spices. Care in choosing the location of your seat is another important strategy. In car, sit at the front and keep your eyes fixed on the horizon. People who still got sick after trying these strategies can try medical help. Some rely on over the counter medications, although some of them can make you sleepy. Others use simple ginger capsules to settle their stomach. A large number of travelers use pressure bands of their wrists. It is not clear how these bands work, but they do prevent motion sickness.\r\n<br>\r\nThe meaning of over the counter medication is medicine bought.', 'outside drugstores', 'insmall grocery stores', 'only in drugstores', 'by paying cash', 'without prescription', 'E', ''),
(4, 'BAHASA INGGRIS', 665, 'A', '<b>Questions are based on the following text.</b><br>\r\nMotion sickness comes in many forms, not just seasickness. Ninety percent of the human race is susceptible to motion sickness one kind or another. Some people become sick when they sit in the backseat of a car, others cannot read or look at a map in any kind of moving vehicle. People get motion sickness on airplanes, motorcycles, amusement park rides, and even on camels. Scientist have learned that motion sickness occurs when the brain is trying to make sense of a situation and there are too many conflicting messages. While the eyes are sending one message, the ears are trying to send a message about balance. The skin and bone joints, sensitive to air pressure, send another message. Many people who have experienced violent motion sickness try to avoid travel. But that is not always possible. So travelers should employ some well-known strategies to avoid getting sick. The most useful strategy concern food, eat a light meal before travelling and bring along a packet of plain soda crackers to snack on regularly. Avoid alcoholic and carbonated beverages, high-fat, and spices. Care in choosing the location of your seat is another important strategy. In car, sit at the front and keep your eyes fixed on the horizon. People who still got sick after trying these strategies can try medical help. Some rely on over the counter medications, although some of them can make you sleepy. Others use simple ginger capsules to settle their stomach. A large number of travelers use pressure bands of their wrists. It is not clear how these bands work, but they do prevent motion sickness.\r\n<br>\r\nFrom the text we may conclude that.', 'basically everyone tends to get sick when they are traveling', 'there is no define solution to the problem of motion sickness', 'medical help is the best way to cure motion sickness', 'there are so many ways for people to stop getting motion sickness', 'motion sickness can be overcome by any drug prescribed by a doctor', 'B', ''),
(4, 'BAHASA INGGRIS', 666, 'A', '<b>Questions are based on the following text.</b><br>\r\nTraditional nineteenth  century education is usually with the image of a stern teacher standing in front of a blackboard in a one-room schoolhouse, teaching only the three R s of reading, writing, and arithmetic, and demanding rote (mechanical repetition) learning in an atmosphere of silence and restraint. Accurate or not, the image conflicts sharply with the modern reality. Today, the typical public school offers students a diversity of subject areas, a plethora of educational materials, and a variety of activities from creative dramatics to journalism. The modern school complex contains an array of educational facilities. Within the classroom setting, students are encouraged to speak up and engage in guided discussion. In fact, articulate speech and debate are desirable skills. Children are encouraged to interrelate on class projects that are independent of the teacher.<br>\r\nWhich of the following would best end the text?', 'There has been a change in the teachers attitude in the past few years', 'Traditional and modern education have different goals to achieve', 'The development in education tends to make students independent', 'Unlike the traditional education, the modern one is less strict', 'It is the task of modern education to make children creative', 'D', ''),
(4, 'BAHASA INGGRIS', 667, 'A', '<b>Questions are based on the following text.</b><br>\r\nTraditional nineteenth  century education is usually with the image of a stern teacher standing in front of a blackboard in a one-room schoolhouse, teaching only the three R s of reading, writing, and arithmetic, and demanding rote (mechanical repetition) learning in an atmosphere of silence and restraint. Accurate or not, the image conflicts sharply with the modern reality. Today, the typical public school offers students a diversity of subject areas, a plethora of educational materials, and a variety of activities from creative dramatics to journalism. The modern school complex contains an array of educational facilities. Within the classroom setting, students are encouraged to speak up and engage in guided discussion. In fact, articulate speech and debate are desirable skills. Children are encouraged to interrelate on class projects that are independent of the teacher.<br>\r\nThe topic of the text is.', 'the traditional nineteenth century education', 'the freedom of students to choose from a variety of subjects', 'the role of the teachers in education', 'the difference between traditional and modern education', 'the teaching of reading, writing, and arithmetic', 'D', ''),
(4, 'BAHASA INGGRIS', 668, 'A', '<b>Questions are based on the following text.</b><br>\r\nParents send their children to school with the best of intentions, believing that formal education is what kids need to become productive, happy adults. Many parents do have qualms about how well schools are performing, but the conventional wisdom is that these issues can be resolved with more money, better teachers, more challenging curricula, or more rigorous tests. But what if the real problem is school itself? The unfortunate fact is that one of our most cherished institutions is, by its very nature, failing our children and our society. Children are required to be in school, where their freedom is greatly restricted, far more than most adults would tolerate in their workspaces. In recent decades, we have been compelling them to spend ever more time in this kind of setting, and there is strong evidence that this is causing psychological damage to many of them. And as scientist have investigated how children naturally learn, they have realized that kids do so most deeply and fully, and with greatest enthusiasm, in conditions that are almost opposite to those of school. Compulsory education has been a fixture of our culture now for several generations. President Obama and Secretary of Education Arne Duncan are so enamored of it that they want even longer school days and years. Most people assume that the basic design of today&#39;s schools emerged from scientific evidence about how children learn. But nothing could be further from the truth. Schools as we know them today are a product of history, not of research. The blueprint for them was developed during the Protestant Reformation, when schools were created to teach children to read the Bible, to believe Scripture without questioning it, and to obey authority figures without questioning them. When schools were taken over by the state, made compulsory, and directed toward secular ends, the basic structure and methods of teaching remained unchanged. Subsequent attempts at reform have failed because they have not altered basic blueprint. The top down, teach-and- test method, in which learning is motivated by a system of rewards and punishments rather than by curiosity or by any real desire to know, is well designed for indoctrination and obedience training but not much else. It is no wonder that many of the world&#39;s greatest entrepreneurs and innovators either left school early (like Thomas Edison) or said they hated school and learned despite it. Not because of it (like Albert Einstein).<br>\r\nWhat is the purpose of the text?', 'To discuss if the American school system is truly effective to educate children', 'To discuss if the American school system is truly effective to educate children', 'To tell the readers that formal schools in the USA have been constantly developed for a long time', 'To review how compulsory education in the USA has met parents&#39; expectation', 'To describe how American children learn at school and in real-life settings', 'A', ''),
(4, 'BAHASA INGGRIS', 669, 'A', '<b>Questions are based on the following text.</b><br>\r\nParents send their children to school with the best of intentions, believing that formal education is what kids need to become productive, happy adults. Many parents do have <b>qualms</b> about how well schools are performing, but the conventional wisdom is that these issues can be resolved with more money, better teachers, more challenging curricula, or more rigorous tests. But what if the real problem is school itself? The unfortunate fact is that one of our most cherished institutions is, by its very nature, failing our children and our society. Children are required to be in school, where their freedom is greatly restricted, far more than most adults would tolerate in their workspaces. In recent decades, we have been compelling them to spend ever more time in this kind of setting, and there is strong evidence that this is causing psychological damage to many of them. And as scientist have investigated how children naturally learn, they have realized that kids do so most deeply and fully, and with greatest enthusiasm, in conditions that are almost opposite to those of school. Compulsory education has been a fixture of our culture now for several generations. President Obama and Secretary of Education Arne Duncan are so enamored of it that they want even longer school days and years. Most people assume that the basic design of today&#39;s schools emerged from scientific evidence about how children learn. But nothing could be further from the truth. Schools as we know them today are a product of history, not of research. The blueprint for them was developed during the Protestant Reformation, when schools were created to teach children to read the Bible, to believe Scripture without questioning it, and to obey authority figures without questioning them. When schools were taken over by the state, made compulsory, and directed toward secular ends, the basic structure and methods of teaching remained unchanged. Subsequent attempts at reform have failed because they have not altered basic blueprint. The top down, teach-and- test method, in which learning is motivated by a system of rewards and punishments rather than by curiosity or by any real desire to know, is well designed for indoctrination and obedience training but not much else. It is no wonder that many of the world&#39;s greatest entrepreneurs and innovators either left school early (like Thomas Edison) or said they hated school and learned despite it. Not because of it (like Albert Einstein).<br>\r\nWhich of the following is closest in meaning to the word qualms (line 2)1', 'Remarks', 'Requests', 'Doubts', 'Views', 'Beliefs', 'C', ''),
(4, 'BAHASA INGGRIS', 670, 'A', '<b>Questions are based on the following text.</b><br>\r\nParents send their children to school with the best of intentions, believing that formal education is what kids need to become productive, happy adults. Many parents do have qualms about how well schools are performing, but the conventional wisdom is that these issues can be resolved with more money, better teachers, more challenging curricula, or more rigorous tests. But what if the real problem is school itself? The unfortunate fact is that one of our most cherished institutions is, by its very nature, failing our children and our society. Children are required to be in school, where their freedom is greatly restricted, far more than most adults would tolerate in their workspaces. In recent decades, we have been compelling them to spend ever more time in this kind of setting, and there is strong evidence that this is causing psychological damage to many of them. And as scientist have investigated how children naturally learn, they have realized that kids do so most deeply and fully, and with greatest enthusiasm, in conditions that are almost opposite to those of school. Compulsory education has been a fixture of our culture now for several generations. President Obama and Secretary of Education Arne Duncan are so enamored of it that they want even longer school days and years. Most people assume that the basic design of today&#39;s schools emerged from scientific evidence about how children learn. But nothing could be further from the truth. Schools as we know them today are a product of history, not of research. The blueprint for them was developed during the Protestant Reformation, when schools were created to teach children to read the Bible, to believe Scripture without questioning it, and to obey authority figures without questioning them. When schools were taken over by the state, made compulsory, and directed toward secular ends, the basic structure and methods of teaching remained unchanged. Subsequent attempts at reform have failed because they have not altered basic blueprint. The top down, teach-and- test method, in which learning is motivated by a system of rewards and punishments rather than by curiosity or by any real desire to know, is well designed for indoctrination and obedience training but not much else. It is no wonder that many of the world&#39;s greatest entrepreneurs and innovators either left school early (like Thomas Edison) or said they hated school and learned despite it. Not because of it (like Albert Einstein).<br>\r\nWhat is the topic of the text above?', 'Parents&#39; expectation on reformation in American school system', 'Doubts on the effectiveness of American school systems', 'Restrictions on children&#39;s freedom at the US schools', 'Regulations for American children to stay longer at schools', 'Absence of a researchbased school system in the USA', 'B', ''),
(4, 'BAHASA INGGRIS', 671, 'A', '<b>Questions  are based on the following text.</b><br>\r\nPopulation growth occurs because there are currently three births for every death. In the past, the crude birth rates were only slightly higher than crude death rates, but with improvements in medicine and economic growth, the death rate fell more than birth rates.<br>\r\nMuch of the world&#39;s population growth is occurring in less-developed countries, which are unable to support such growth. The causal effect between poverty and population growth can be looked at in two ways. First, population growth causes poverty as the limited resources are depleted and there are too many people for the available goods, resulting in poverty. The other view is that poverty causes high population growth because lack of education, lack of health care, and lack of a reasonable standard of living cause high population growth. Also, parents believe that having many children will ensure that several of them will survive to take care of them in their old age. Cultures in which children are a form of security encourage high population growth, as children reach reproductive age and have large families. Much of the growth is happening disproportionately in urban areas. Cities are environmentally harmful because they import many resources for the people that live there, and they export their wastes. They also have an impact on the local and regional meteorology and are centers for social problems such as crime, homelessness, and unemployment to name a few. Cities do offer many amenities such as cultural opportunities, jobs, and education. There are some good environmental aspects to cities, such as the promotion of efficiency in transportation, housing, utilities, the provision of necessary goods and services, and the accommodation of large numbers of people within a relatively small space. The biggest problem with cities is that people want the benefits of a city while still living in the country. This leads to urban sprawl and suburbia.<br>\r\nThe writer organizes the ideas in the text by ....', 'showing the causes of population growth and their effect', 'defining population growth followed with several examples', 'arguing against population growth, followed with a case in urban places', 'describing a historical account of population growth in the past and the present', 'comparing effects of population growth in countries of different development', 'A', ''),
(4, 'BAHASA INGGRIS', 672, 'A', '<b>Questions  are based on the following text.</b><br>\r\nPopulation growth occurs because there are currently three births for every death. In the past, the crude birth rates were only slightly higher than crude death rates, but with improvements in medicine and economic growth, the death rate fell more than birth rates.<br>\r\nMuch of the world&#39;s population growth is occurring in less-developed countries, which are unable to support such growth. The causal effect between poverty and population growth can be looked at in two ways. First, population growth causes poverty as the limited resources are depleted and there are too many people for the available goods, resulting in poverty. The other view is that poverty causes high population growth because lack of education, lack of health care, and lack of a reasonable standard of living cause high population growth. Also, parents believe that having many children will ensure that several of them will survive to take care of them in their old age. Cultures in which children are a form of security encourage high population growth, as children reach reproductive age and have large families. Much of the growth is happening disproportionately in urban areas. Cities are environmentally harmful because they import many resources for the people that live there, and they export their wastes. They also have an impact on the local and regional meteorology and are centers for social problems such as crime, homelessness, and unemployment to name a few. Cities do offer many amenities such as cultural opportunities, jobs, and education. There are some good environmental aspects to cities, such as the promotion of efficiency in transportation, housing, utilities, the provision of necessary goods and services, and the accommodation of large numbers of people within a relatively small space. The biggest problem with cities is that people want the benefits of a city while still living in the country. This leads to urban sprawl and suburbia.<br>\r\nWhich of the following is true according to the text?', 'High population growth results in aproblem where cities cannot provide enough jobs.', 'Parents now tend to have few children in less-developed and developed countries.', 'Large families are tolerated in less developed countries due to their predominant belief.', 'Economic growth gives little contribution to population growth.', 'In the past there were three births for every death in less-developed countries.', 'C', ''),
(4, 'BAHASA INGGRIS', 673, 'A', '<b>Questions  are based on the following text.</b><br>\r\nPopulation growth occurs because there are currently three births for every death. In the past, the crude birth rates were only slightly higher than crude death rates, but with improvements in medicine and economic growth, the death rate fell more than birth rates.<br>\r\nMuch of the world&#39;s population growth is occurring in less-developed countries, which are unable to support such growth. The causal effect between poverty and population growth can be looked at in two ways. First, population growth causes poverty as the limited resources are depleted and there are too many people for the available goods, resulting in poverty. The other view is that poverty causes high population growth because lack of education, lack of health care, and lack of a reasonable standard of living cause high population growth. Also, parents believe that having many children will ensure that several of them will survive to take care of them in their old age. Cultures in which children are a form of security encourage high population growth, as children reach reproductive age and have large families. Much of the growth is happening disproportionately in urban areas. Cities are environmentally harmful because they import many resources for the people that live there, and they export their wastes. They also have an impact on the local and regional meteorology and are centers for social problems such as crime, homelessness, and unemployment to name a few. Cities do offer many amenities such as cultural opportunities, jobs, and education. There are some good environmental aspects to cities, such as the promotion of efficiency in transportation, housing, utilities, the provision of necessary goods and services, and the accommodation of large numbers of people within a relatively small space. The biggest problem with cities is that people want the benefits of a city while still living in the country. This leads to urban sprawl and suburbia.<br>\r\nThe purpose of the text is to ....', 'show negative impacts of population growth', 'describe factors contributing to poverty in cities', 'analyze causes of economic growth to population', 'compare population growth in the past and the present', 'discuss population problems in urban areas of developing countries', 'A', ''),
(4, 'BAHASA INGGRIS', 674, 'A', '<b>Questions  are based on the following text.</b><br>\r\nPopulation growth occurs because there are currently three births for every death. In the past, the crude birth rates were only slightly higher than crude death rates, but with improvements in medicine and economic growth, the death rate fell more than birth rates.<br>\r\nMuch of the world\'s population growth is occurring in less-developed countries, which are unable to support such growth. The causal effect between poverty and population growth can be looked at in two ways. First, population growth causes poverty as the limited resources are depleted and there are too many people for the available goods, resulting in poverty. The other view is that poverty causes high population growth because lack of education, lack of health care, and lack of a reasonable standard of living cause high population growth. Also, parents believe that having many children will ensure that several of them will survive to take care of them in their old age. Cultures in which children are a form of security encourage high population growth, as children reach reproductive age and have large families. Much of the growth is happening disproportionately in urban areas. Cities are environmentally harmful because they import many resources for the people that live there, and they export their wastes. They also have an impact on the local and regional meteorology and are centers for social problems such as crime, homelessness, and unemployment to name a few. Cities do offer many amenities such as cultural opportunities, jobs, and education. There are some good environmental aspects to cities, such as the promotion of efficiency in transportation, housing, utilities, the provision of necessary goods and services, and the accommodation of large numbers of people within a relatively small space. The biggest problem with cities is that people want the benefits of a city while still living in the country. This leads to urban sprawl and suburbia.<br>', 'The pronoun they (paragraph 2) refers to ....', 'people', 'areas', 'resources', 'cities', 'D', ''),
(4, 'BAHASA INGGRIS', 675, 'A', '<b>Questions  are based on the following text.</b><br>\r\nPopulation growth occurs because there are currently three births for every death. In the past, the crude birth rates were only slightly higher than crude death rates, but with improvements in medicine and economic growth, the death rate fell more than birth rates.<br>\r\nMuch of the world&#39;s population growth is occurring in less-developed countries, which are unable to support such growth. The causal effect between poverty and population growth can be looked at in two ways. First, population growth causes poverty as the limited resources are depleted and there are too many people for the available goods, resulting in poverty. The other view is that poverty causes high population growth because lack of education, lack of health care, and lack of a reasonable standard of living cause high population growth. Also, parents believe that having many children will ensure that several of them will survive to take care of them in their old age. Cultures in which children are a form of security encourage high population growth, as children reach reproductive age and have large families. Much of the growth is happening disproportionately in urban areas. Cities are environmentally harmful because they import many resources for the people that live there, and they export their wastes. They also have an impact on the local and regional meteorology and are centers for social problems such as crime, homelessness, and unemployment to name a few. Cities do offer many amenities such as cultural opportunities, jobs, and education. There are some good environmental aspects to cities, such as the promotion of efficiency in transportation, housing, utilities, the provision of necessary goods and services, and the accommodation of large numbers of people within a relatively small space. The biggest problem with cities is that people want the benefits of a city while still living in the country. This leads to urban sprawl and suburbia.<br>\r\nIt can be inferred from the text that ....', 'life quality of cities is worse than that of suburbans', 'poverty in a country is linked to its rapid birth rates', 'the less developed a country is the worse its economic growth is', 'less developed countries tend to show a higher rate of population growth', 'the more children parents have, the better their economy will be', 'D', ''),
(4, 'VERBAL', 676, 'A', '<i>Pilihlah pasangan kata yang paling tepat untuk mengisi titik-titik (...) pada setiap nomor soal, sehingga hubungan antara dua kata di bagian kiri tanda &asymp; sepadan dengan hubungan antara dua kata di bagian kanan tanda &asymp;</i>\r\n<br><br>\r\nGelap : ... &asymp; ... : Hangat', 'Terang-beku', 'Redup-panas', 'Hitam-merah', 'Gulita-demam', 'Cahaya-temperatur', 'B', ''),
(4, 'VERBAL', 677, 'A', '<i>Pilihlah pasangan kata yang paling tepat untuk mengisi titik-titik (...) pada setiap nomor soal, sehingga hubungan antara dua kata di bagian kiri tanda &asymp; sepadan dengan hubungan antara dua kata di bagian kanan tanda &asymp;</i>\r\n<br><br>\r\nCerdas : ... &asymp; ... : Pesenam', 'Prestasi - atelit', 'Juara - gemulai', 'Murid - guru', 'Ilmuwan - lentur', 'Pengetahuan - kaku', 'D', ''),
(4, 'VERBAL', 678, 'A', '<i>Pilihlah pasangan kata yang paling tepat untuk mengisi titik-titik (...) pada setiap nomor soal, sehingga hubungan antara dua kata di bagian kiri tanda &asymp; sepadan dengan hubungan antara dua kata di bagian kanan tanda &asymp;</i>\r\n<br><br>\r\nAntri : ... &asymp; ... : Peduli', 'Urut-kasar', 'Baris-kasih', '', '', '', '', ''),
(4, 'VERBAL', 679, 'A', 'Pilihlah pasangan kata yang paling tepat untuk mengisi titik-titik (...) pada setiap nomor soal, sehingga hubungan antara dua kata di bagian kiri tanda &asymp; sepadan dengan hubungan antara dua kata di bagian kanan tanda &asymp;<br><br>\r\nKaya : ... &asymp; Lancung : ...', 'Raya&mdash;asli', 'Dapat&mdash;palsu', 'Mampu&mdash;penjiplak', 'Kompeten&mdash;imitasi', 'Hartawan&mdash;pecundang', 'B', ''),
(4, 'VERBAL', 680, 'A', 'Pilihlah pasangan kata yang paling tepat untuk mengisi titik-titik (...) pada setiap nomor soal, sehingga hubungan antara dua kata di bagian kiri tanda &asymp; sepadan dengan hubungan antara dua kata di bagian kanan tanda &asymp;\r\n<br><br>\r\nCerdas : ... &asymp; ... : Pesenam', 'Isimembantu', 'Kosongpelit', 'Padatagresif', 'Sesakmengejek', 'Meluapberkorban', 'E', ''),
(4, 'LOGIKA PREPOSISI', 681, 'A', 'Sayur lodeh lebih bergizi daripada sayur tumis.<br>\r\nSayur yang lebih bergizi lebih enak dan lebih mahal harganya.<br>\r\nSimpulan yang paling tepat adalah sebagai berikut..', 'Sayur tumis lebih enak dan lebih mahal daripada sayur lodeh', 'Sayur tumis tidak lebih enak dan lebih mahal daripada sayur lodeh', 'Sayur tumis tidak lebih enak dan tidak lebih mahal daripada sayur lodeh', 'Sayur tumis lebih enak dan tidak lebih mahal daripada sayur lodeh', 'Sayur tumis sama enak dan sama mahalnya dengan sayur lodeh', 'C', ''),
(4, 'LOGIKA PREPOSISI', 682, 'A', 'Di sebuah keluarga, ayah selalu bepergian dengan ibu.<br>\r\nIbu selalu bepergian disertai adik.<br>\r\nSimpulan yang paling tepat adalah sebagai berikut..', 'Jika ayah tidak bepergian, maka adik bepergian', 'Jika ibu bepergian, maka ayah tidak bepergian', 'Jika adik tidak bepergian, maka ayah tidak bepergian', 'Jika adik bepergian, maka ayah tidak bepergian', 'Jika adik tidak bepergian, maka ayah bepergian', 'C', ''),
(4, 'LOGIKA PREPOSISI', 683, 'A', '(1) Jumlah karyawan yang mengalami PHK meningkat.<br>\r\n(2) Pemerintah menaikkan upah minimum regional.<br>\r\nManakah dibawah ini yang menggambarkanhubungan pernyataan (1) dan (2)?', 'Pernyataan (1) adalah penyebab dan pernyataan (2) adalah akibat.', 'Pernyataan (2) adalah penyebab dan pernyataan (1) adalah akibat.', 'Pernyataan (1) dan (2) adalah penyebab, namun tidak saling berhubungan', 'Pernyataan (1) dan (2) adalah akibat dari dua penyebab yang tidak saling  berhubungan', 'Pernyataan (1) dan (2) adalah akibat dari suatu penyebab yang sama', 'B', ''),
(4, 'LOGIKA PREPOSISI', 684, 'A', '(1) Petani tebu tidak bisa menjual hasil buminya.<br>\r\n(2) Terjadi penambahan jenis tanaman pertanian.<br>\r\nManakah dibawah ini yang menggambarkanhubungan pernyataan (1) dan (2)?', 'Pernyataan (1) adalah penyebab dan pernyataan (2) adalah akibat.', 'Pernyataan (2) adalah penyebab dan pernyataan (1) adalah akibat.', 'Pernyataan (1) dan (2) adalah penyebab, namun tidak saling berhubungan', 'Pernyataan (1) dan (2) adalah akibat dari dua penyebab yang tidak saling  berhubungan', 'Pernyataan (1) dan (2) adalah akibat dari suatu penyebab yang sama', 'D', ''),
(4, 'LOGIKA PREPOSISI', 685, 'A', '(1) Banyak siswa yang bermain game dengan telepon genggam pada jam pelajaransekolah.<br>\r\n(2) Banyak siswa yang mengakses media sosial selama jam pelajaran sekolah.<br>\r\nManakah dibawah ini yang menggambarkanhubungan pernyataan (1) dan (2)?', 'Pernyataan (1) adalah penyebab dan pernyataan (2) adalah akibat.', 'Pernyataan (2) adalah penyebab dan pernyataan (1) adalah akibat.', 'Pernyataan (1) dan (2) adalah penyebab, namun tidak saling berhubungan', 'Pernyataan (1) dan (2) adalah akibat dari dua penyebab yang tidak saling berhubungan', 'Pernyataan (1) dan (2) adalah akibat dari suatu penyebab yang sama', 'C', ''),
(4, 'LOGIKA PREPOSISI', 686, 'A', '(1) Masyarakat pedesaan lebih sejahtera.<br>\r\n	 (2) Pemerintah banyak membangun jalan di pedesaan.<br>\r\n	Manakah dibawah ini yang menggambarkanhubungan pernyataan (1) dan (2)?', 'Pernyataan (1) adalah penyebab dan pernyataan (2) adalah akibat.', 'Pernyataan (2) adalah penyebab dan pernyataan (1) adalah akibat.', 'Pernyataan (1) dan (2) adalah penyebab, namun tidak saling berhubungan', 'Pernyataan (1) dan (2) adalah akibat dari dua penyebab yang tidak saling  berhubungan', 'Pernyataan (1) dan (2) adalah akibat dari suatu penyebab yang sama', 'B', ''),
(4, 'LOGIKA PREPOSISI', 687, 'A', '(1) Pemerintah memberlakukan kebijakan ekonomi untuk mempermudah proses Kredit.<br>\r\n(2) Masyarakat kurang berupaya meningkatkan kualitas hidupnya.<br>\r\nManakah dibawah ini yang menggambarkanhubungan pernyataan (1) dan (2)?', 'Pernyataan (1) adalah penyebab dan pernyataan (2) adalah akibat. ', 'Pernyataan (2) adalah penyebab dan pernyataan (1) adalah akibat.', 'Pernyataan (1) dan (2) adalah penyebab, namun tidak saling berhubungan', 'Pernyataan (1) dan (2) adalah akibat dari dua penyebab yang tidak saling  berhubungan', 'Pernyataan (1) dan (2) adalah akibat dari suatu penyebab yang sama', 'B', ''),
(4, 'LOGIKA PREPOSISI', 688, 'A', 'V, W, X, Y dan Z mempunyai usia yang berbeda-beda. Umur V saat ini adalah 20 tahun, lebih muda 3 tahun dibandingkan Y dan lebih tua 1 tahun dibandingkan X dan 2 tahun dibandingkan Z, namun Z bukanlah yang termuda. Usia termuda dari keenam sahabat ini adalah 17 tahun. Bila diurutkan dari yang paling muda maka urutan yang benar adalah  ', 'W, V, X, Z, Y', 'W, X, Z, V, Y', 'W, V, Z, X, Y', 'W, Z, X, V, Y', 'X, Z, W, V, Y', 'D', ''),
(4, 'POLA BARISAN', 689, 'A', '<i>Pilihlah bilangan yang paling tepat yang merupakan kelanjutan dari pola deretan bilangan pada setiap soal.</i>\r\n<br><br>\r\n5, 11, 24, 51, 106, ....', '217', '156', '212', '160', '195', 'D', ''),
(4, 'POLA BARISAN', 690, 'A', '<i>Pilihlah bilangan yang paling tepat yang merupakan kelanjutan dari pola deretan bilangan pada setiap soal.</i>\r\n<br><br>\r\n164, 157, 160, 80, 73, 76, 38, .... ', '217', '156', '212', '160', '195', 'A', ''),
(4, 'POLA BARISAN', 691, 'A', '<i>Pilihlah bilangan yang paling tepat yang merupakan kelanjutan dari pola deretan bilangan pada setiap soal.</i>\r\n<br><br>\r\n34, 51, 38, 46, 42, 41, , , 50', '33,39', '35,37', '37,48', '45,47', '46,36', 'E', ''),
(4, 'POLA BARISAN', 692, 'A', '<i>Pilihlah bilangan yang paling tepat yang merupakan kelanjutan dari pola deretan bilangan pada setiap soal.</i><br><br>\r\n8, 1, 11, 4, 14, 9, ,  ', '17,10', '16,14', '17,16', '16,21', '17,25', 'C', ''),
(4, 'POLA BARISAN', 693, 'A', '<i>Pilihlah bilangan yang paling tepat yang merupakan kelanjutan dari pola deretan bilangan pada setiap soal.</i><br><br>\r\n176, 88, 80, 40, 32, ', '8', '16', '30', '34', '64', 'B', ''),
(4, 'POLA GAMBAR', 694, 'A', '05f5498992726469737ff09975407123.JPG', 'c8fc670b8befa146a1917d8463979db9.JPG', 'cea0f857bee706966d63a987c4041075.JPG', '3190779d0fe202e6d47fcb2c75e96f63.JPG', 'c14801fcb775da2b93e3b7bdf50b5618.JPG', '5641b418f229b84cfa94c359913ba77b.JPG', 'A', ''),
(4, 'POLA GAMBAR', 695, 'A', 'ccfd598282f2ec2b17bf70d1230122c4.JPG', 'f4126e534411ae709e96c6bf3417c64c.JPG', '7a9c6ae13a36e583f701b83e171e11b8.JPG', 'd190bbeb3e0519c5e1c6e50161000433.JPG', '7cf0ae3587d75a0242ae5bb3b097c969.JPG', '3857038f150d554ac8d68b08f5330c08.JPG', 'A', ''),
(4, 'POLA GAMBAR', 696, 'A', 'f20f21f55e41011dec8229f9ac870783.JPG', '72eda63bc7de68c050e11fec1b1ad2bf.JPG', '9ffc49f7189325e872d3d83b11a42653.JPG', '18899e11141e0a38e5420c35a3e4cda1.JPG', 'f07876c69ef741a030f0de72c9d75f15.JPG', 'd57dd201dec21c0cabf0708e195f1b1c.JPG', 'E', ''),
(4, 'POLA GAMBAR', 697, 'A', '8150a18aca5973793dab3fa8d6d91c5c.JPG', '7a86c425f11500608cc6093f2d611a16.JPG', '1c804d8c668aa7d42824f7fdd7a1ae70.JPG', 'a63db9e7b604cf72a4a0e1760f9c6780.JPG', 'b57b762dee147941fee016acd14d1ba6.JPG', 'b73329b8eb3e5715a5018787e8f0fb9b.JPG', 'C', ''),
(4, 'ARITMATIKA', 698, 'A', '', '0,5', '(0,5)<sup>2</sup>', '(0,7)<sup>2</sup>', '5<sup>2</sup>', '7<sup>2</sup>', 'B', ''),
(4, 'ARITMATIKA', 699, 'A', 'Jika rata-rata dari 2, 3, <i>x</i>, dan <i>y</i> adalah 5, maka rata-rata dari 4, 5, 6, <i>x</i>, dan <i>y</i> adalah ', '4,6', '5,0', '5,6', '6,0', '6,4', 'D', ''),
(4, 'ARITMATIKA', 700, 'A', 'Seorang pedagang kayu membeli 5 lusin kayu dengan harga Rp 360.000. Pedagang itu lalu menjual kembali kayu tersebut seharga Rp 8.000 untuk 1 kayu. Berapa persen keuntungan yang diperoleh pedagang tersebut?', '33%', '33,33%', '33,5%', '33,8%', '35%', 'B', ''),
(4, 'ARITMATIKA', 701, 'A', 'Jika suatu bilangan bulat habis dibagi 12, 15, dan 18, maka bilangan tersebut habis dibagi ', '14', '24', '32', '45', '72', 'D', ''),
(4, 'ARITMATIKA', 702, 'A', 'Berat sebuah truk beserta isinya 173 sak semen adalah 12,79 ton. Jika tiap 1 sak semen beratnya 52 kg, berapa berat truk kosong tersebut?', '2764 kg', '2784 kg', '2894 kg', '3794 kg', '3894 kg', 'D', ''),
(4, 'ARITMATIKA', 703, 'A', 'Untuk mengisi penuh sebuah bak air Ira membutuhkan 8 ember air. Jika Ola memiliki ember yang besarnya hanya setengah dari milik Ira, berapa ember air yang Ola butuhkan untuk mengisi penuh bak mandi tersebut?', '8', '10', '12', '14', '16', 'E', ''),
(4, 'ARITMATIKA', 704, 'A', 'Bila x = (a  b)<sup>2</sup> dan y = (b  a)<sup>2</sup>, maka ', 'x sama dengan y', 'x lebih kecil dari y', 'x lebih besar dari y', 'x dan y bilangan negatif', 'x dan y tidak dapat ditentukan', 'A', ''),
(4, 'ARITMATIKA', 705, 'A', 'Jika a < 0 dan b > 0 dimana a dan b adalah bilangan bulat, maka ....', 'a<sup>2</sup> < b<sup>2</sup>', 'ab > b', 'a : b &ge; ab', 'a + b < a', 'a<sup>2</sup> + b<sup>2</sup> > b', 'E', ''),
(4, 'ARITMATIKA', 706, 'A', 'f050b2b054e123c14a40742a520ab7ad.JPG', '135 cm<sup>2</sup>', '240 cm<sup>2</sup>', '270 cm<sup>2</sup>', '405 cm<sup>2</sup>', '540 cm<sup>2</sup>', 'D', ''),
(4, 'ARITMATIKA', 707, 'A', 'ed817bb00b8f561981c2f6d7a02ca79e.JPG', '6 cm', '7 cm', '8 cm', '9 cm', '12cm', 'D', ''),
(4, 'ARITMATIKA', 708, 'A', 'Sebuah balok mempunyai volume 480 cm<sup>3</sup>. Manakah berikut ini yang <i>bukan</i>  merupakan ukuran panjang, lebar, dan tinggi balok tersebut ?', '240 cm, 2 cm, 1 cm', '24 cm, 10 cm, 2 cm', '12 cm, 10 cm, 4 cm', '6 cm, 10 cm, 8 cm', '3 cm, 10 cm, 32 cm', 'E', ''),
(4, 'ARITMATIKA', 709, 'A', '1a301f28c45c5364774947a34e892ae0.JPG', '125', '130', '135', '140', '145', 'E', ''),
(4, 'ARITMATIKA', 710, 'A', '0,875 : 0,125 - 0.8125 3,25 = ....', '6,5', '6,55', '6,75', '7,0', '7,25', 'C', ''),
(4, 'ARITMATIKA', 711, 'A', '14/20 dibagi (7/25: 4/5) adalah ....', '3/20', '4/20', '6/20', '7/20', '2', 'E', ''),
(4, 'ARITMATIKA', 712, 'A', 'y adalah bilangan positif . Bila x = y  z, dan z< 0, maka ....', 'y < 0', 'x sama dengan y ', 'x lebih besar dari pada y', 'y lebih besar dari pada x', 'x adalah bilangan negatif', 'C', ''),
(4, 'LOGIKA ANALITIK', 713, 'A', 'Untuk mengisi penuh sebuah bak air Ira membutuhkan 8 ember air. Jika Ola memiliki ember yang besarnya hanya setengah dari milik Ira, berapa ember air yang Ola butuhkan untuk mengisi penuh bak air tersebut?', '8', '10', '12', '14', '16', 'E', ''),
(4, 'LOGIKA ANALITIK', 714, 'A', 'Z, Y, A, X, B, W, C, ...', 'U', 'V', 'D', 'F', 'W', 'B', ''),
(4, 'LOGIKA ANALITIK', 715, 'A', 'L, M, P, U, B, K, ...', 'L', 'M', 'P', 'V', 'R', 'D', ''),
(4, 'LOGIKA ANALITIK', 716, 'A', 'A, C, E, G, I, K, ...', 'N', 'P', 'L', 'O', 'M', 'E', ''),
(4, 'LOGIKA ANALITIK', 717, 'A', '150 300  60  120 24 ....', '6', '12', '48', '60', '72', 'C', ''),
(4, 'ARITMATIKA', 721, 'A', 'Di antara bilangan di bawah ini, yang habis dibagi 8 adalah', '123.456', '234.567', '345.678', '456.789', '567.890', 'A', ''),
(4, 'POLA GAMBAR', 722, 'A', '488804803901e4ab0bd9969ea2c8607b.JPG', 'b511385ebcdf2158982a8b7abe97b3b9.JPG', 'ed4462b758bf709da8aa5f45caeaa556.JPG', '74bf4f67323388faa229e0dae5d7aa2a.JPG', '6f9447d15797f5239662566a8ad0b408.JPG', 'ab34d9f794ec1ff344a1f81386a72c25.JPG', 'C', '');

-- --------------------------------------------------------

--
-- Table structure for table `tes`
--

CREATE TABLE `tes` (
  `id` int(11) NOT NULL
) ENGINE=MyISAM DEFAULT CHARSET=latin1 COLLATE=latin1_spanish_ci;

--
-- Indexes for dumped tables
--

--
-- Indexes for table `admin`
--
ALTER TABLE `admin`
  ADD PRIMARY KEY (`id_admin`);

--
-- Indexes for table `aktifasi_soal`
--
ALTER TABLE `aktifasi_soal`
  ADD PRIMARY KEY (`id`);

--
-- Indexes for table `akun`
--
ALTER TABLE `akun`
  ADD PRIMARY KEY (`id_akun`);

--
-- Indexes for table `coba`
--
ALTER TABLE `coba`
  ADD PRIMARY KEY (`id`);

--
-- Indexes for table `jurusan`
--
ALTER TABLE `jurusan`
  ADD PRIMARY KEY (`kode_jurusan`);

--
-- Indexes for table `soal`
--
ALTER TABLE `soal`
  ADD PRIMARY KEY (`id_soal`);

--
-- AUTO_INCREMENT for dumped tables
--

--
-- AUTO_INCREMENT for table `admin`
--
ALTER TABLE `admin`
  MODIFY `id_admin` int(11) NOT NULL AUTO_INCREMENT, AUTO_INCREMENT=3;

--
-- AUTO_INCREMENT for table `aktifasi_soal`
--
ALTER TABLE `aktifasi_soal`
  MODIFY `id` int(11) NOT NULL AUTO_INCREMENT, AUTO_INCREMENT=13;

--
-- AUTO_INCREMENT for table `soal`
--
ALTER TABLE `soal`
  MODIFY `id_soal` int(11) NOT NULL AUTO_INCREMENT, AUTO_INCREMENT=723;
COMMIT;

/*!40101 SET CHARACTER_SET_CLIENT=@OLD_CHARACTER_SET_CLIENT */;
/*!40101 SET CHARACTER_SET_RESULTS=@OLD_CHARACTER_SET_RESULTS */;
/*!40101 SET COLLATION_CONNECTION=@OLD_COLLATION_CONNECTION */;
